Call order,Pool,Business,City,ST,Phone,Rating,Reviews,Employees,Locations,Segment,The hook,Opening line,Email,Website,Attempt 1,Outcome 1,Attempt 2,Outcome 2,Next step,Notes
1,1 Qualified,All Is Well Holistic Spa,Katy,TX,(832) 913-8186,4.7,1938,4,,Micro / owner-operated,partial fit,"Straight version: most of what I build is for medical aesthetics — injectables, lasers, regulated patient data.",sales@alliswellspa.com,https://alliswellspa.com/?y_source=1_MjAxODczNTUtNzE1LWxvY2F0aW9uLndlYnNpdGU%3D,,,,,,
2,1 Qualified,Elase Medical Spa,Salt Lake City,UT,(801) 253-6474,4.9,1556,230,,Enterprise / chain,location routing,"Thirty-eight locations across seven states means every inbound call is a routing decision before it's a booking — and Sugar House still shows Sunday dark, plus that fifth-Saturday rule most callers won't know about.",sugarhouse@elase.com,https://elase.com/locations/sugar-house/?UTM_source=GMB_listing&UTM_medium=organic&utm_campaign=SugarHouse,,,,,,
3,1 Qualified,Refresh - Aesthetics & Wellness,Jupiter,FL,(561) 250-6169,4.8,1323,16,,Core (best fit),weekend coverage,"Closed Saturday and Sunday, across Jupiter, Port St.",support@refreshmedical.com,https://refreshmedical.com/locations/jupiter/,,,,,,
4,1 Qualified,Couture Medical,Las Vegas,NV,(702) 608-9505,4.8,1134,18,,Core (best fit),clinical questions,A dermatology and plastic surgery practice probably shouldn't put an AI on the phone.,info@couturemedical.com,https://couturemedical.com/,,,,,,
5,1 Qualified,Suddenly Slimmer Med Spa,Phoenix,AZ,(602) 952-8446,4.7,1083,19,,Core (best fit),dormant list,"Operating since 1988 out of 12,000 square feet — that's the largest dormant patient list of any med spa in Phoenix, and it's most likely just sitting there.",info@suddenlyslimmer.com,https://www.suddenlyslimmer.com/,,,,,,
6,1 Qualified,The Palm Medspa + Wellness,Orlando,FL,(407) 347-4770,5.0,1062,2,,Micro / owner-operated,weekend calls,"A 5.0 across 1,062 reviews, and the calendar shows both Saturday and Sunday dark.",info@thepalmmedspa.com,https://thepalmmedspa.com/,,,,,,
7,1 Qualified,Kumi Laser Hair Removal & MedSpa Katy,Katy,TX,(281) 206-7570,4.6,1000,4,,Micro / owner-operated,bbb response,"Your BBB profile sits at C+ — not for the complaint, but for not answering it.",info@kumimedspa.com,http://kumimedspa.com/,,,,,,
8,1 Qualified,Nob Hill Aesthetics | Medical Spa,San Francisco,CA,(415) 440-6800,4.9,923,,,Unknown,membership churn,"Fixed monthly payments make Nob Hill a subscription business, so churn and no-shows matter more than acquisition — and your reviews already say you're booked out.",office@nobhillaesthetics.com,https://nobhillaesthetics.com/,,,,,,
9,1 Qualified,Aventura Dermatology,Aventura,FL,(754) 544-9030,4.9,893,3,,Micro / owner-operated,three people,893 reviews at 4.9 against a three-person practice.,info@aventuradermatology.com,https://aventuradermatology.com/,,,,,,
10,1 Qualified,Modern SLC by Manor,Salt Lake City,UT,(801) 516-8884,5.0,867,3,,Micro / owner-operated,weekend calls,"867 reviews at a perfect 5.0, three people, weekends closed.",info@modernslc.com,https://modernslc.com/?utm_source=gbp-brand&utm_medium=organic&utm_campaign=local+search&utm_content=website+click,,,,,,
11,1 Qualified,Golden Glow Medical Spa,Clearwater,FL,(727) 683-0894,4.8,863,7,,Small,seven people,863 reviews against a seven-person team is the widest demand-to-staff gap on my list.,info@goldenglowmedicalspa.com,http://www.goldenglowmedicalspa.com/,,,,,,
12,1 Qualified,New Image Works,Ridgewood,NJ,(224) 432-5803,4.9,811,9,,Small,sunday calls,"811 reviews at 4.9, and Sunday still shows dark.",info@newimageworks.com,https://newimageworks.com/contact-us-glenview/,,,,,,
13,1 Qualified,Luminescence Aesthetics Buffalo,Washington,DC,(716) 800-1916,5.0,788,8,,Small,weekend coverage,788 reviews at a flat 5.0 with an eight-person team.,hello@luminescence-aesthetics.com,https://www.luminescence-aesthetics.com/,,,,,,
14,1 Qualified,Revive Medical,Philadelphia,PA,(844) 738-4832,4.9,711,1,,Micro / owner-operated,solo practice,711 reviews at 4.9 as essentially a one-person practice.,info@revivephilly.com,https://www.revivephilly.com/,,,,,,
15,1 Qualified,Youthful Medical Spa,Ponte Vedra Beach,FL,(904) 273-6286,4.8,683,25,,Core (best fit),dormant patients,Nineteen years in Jacksonville and two locations.,info@youthfulmedicalspa.com,https://youthfulmedicalspa.com/?utm_source=google&utm_medium=wix_google_business_profile&utm_campaign=13810620888768293299,,,,,,
16,1 Qualified,ElaMar Nashville,Nashville,TN,(615) 235-9225,5.0,659,11,,Small,weekend calls,A clean 5.0 across 659 reviews and both weekend days closed.,nashville@elamarskin.com,https://elamarskin.com/locations/elamar-nashville-tn/,,,,,,
17,1 Qualified,"Capizzi, MD Cosmetic Surgery & Med Spa in Charlotte NC",Charlotte,NC,(704) 655-8988,4.8,649,9,,Small,weekend voicemail,You're closed both weekend days.,frontdesk@capizzimd.com,https://capizzimd.com/,,,,,,
18,1 Qualified,PRICK'D Medspa,St Louis,MO,(314) 256-1290,4.9,622,3,,Micro / owner-operated,weekend voicemail,"622 reviews in about two years is a fast start, and a Botox bar lives on walk-in-speed convenience.",getprickd@prickdmedspa.com,https://www.prickdmedspa.com/?utm_source=google&utm_medium=organic&utm_campaign=gbp,,,,,,
19,1 Qualified,The Beauty Clinic,Fort Lauderdale,FL,(954) 719-7123,5.0,598,2,,Micro / owner-operated,after hours,598 reviews at 5.0 with two people on staff.,info@thebeautyclinic.com,https://thebeautyclinic.com/,,,,,,
20,1 Qualified,Essence Medspa & Wellness Center,Chicago,IL,(773) 763-1212,4.9,578,8,,Small,monday backlog,Closed Sunday and Monday both.,keepcalm@essence-medspa.com,http://www.essence-medspa.com/,,,,,,
21,1 Qualified,Dermave spa,St Petersburg,FL,(727) 866-4631,4.8,573,,,Unknown,saturday calls,"573 reviews at 4.8, and Saturday is the one day you're closed — which in a Gulf Coast market is the day most people have time to book aesthetics.",support@dermave-spa.com,https://dermave-spa.com/,,,,,,
22,1 Qualified,South Bay Med Spa,Redondo Beach,CA,(310) 974-6160,4.8,558,8,,Small,dormant patients,"Top 3% in the US for Botox and fillers, fourteen years in, 558 reviews — and eight people.",info@southbaymedspa.com,https://www.southbaymedspa.com/,,,,,,
23,1 Qualified,Skin Pharm,Nashville,TN,(615) 582-6726,5.0,519,140,,Enterprise / chain,pilot at one clinic,"Clinics in Nashville, Atlanta, Dallas and Houston, all closed both weekend days.",hello@skinpharm.com,https://skinpharm.com/nashville,,,,,,
24,1 Qualified,Lecada Medical Artistry,Tampa,FL,(813) 874-2332,4.7,480,10,,Small,weekend calls,"480 reviews at 4.7, with Saturday and Sunday both dark.",info@lecadatampa.com,http://www.lecadatampa.com/?utm_source=gbp,,,,,,
25,1 Qualified,Prestige,Boca Raton,FL,(561) 235-7300,4.9,477,3,,Micro / owner-operated,three people,477 reviews at 4.9 against a three-person clinic.,support@pacboca.com,https://www.pacboca.com/,,,,,,
26,1 Qualified,RESTOR Medical Spa | Central Park,Denver,CO,(720) 388-6244,4.9,465,19,,Core (best fit),twenty locations,You've said publicly you're going from three Colorado locations to twenty.,info@restormedicalspa.com,https://www.restormedicalspa.com/?utm_medium=organic&utm_source=gmblisting&utm_campaign=cp,,,,,,
27,1 Qualified,Couture Med Spa,Winter Park,FL,(407) 907-6300,4.6,440,39,,Core (best fit),membership churn,"You sell memberships, which makes retention the number that actually moves — and a 4.6 across 440 reviews sits a little under where a 39-person practice probably wants to be.",connect@couturemedspa.com,https://www.couturemedspa.com/,,,,,,
28,1 Qualified,Ecobel Med Spa,Atlanta,GA,(404) 960-0812,4.9,434,6,,Micro / owner-operated,monday backlog,"Closed Sunday and Monday both, six staff in Buckhead.",info@ecobelmedspa.com,http://www.ecobelmedspa.com/,,,,,,
29,1 Qualified,dermani MEDSPAÂ® Buckhead,Atlanta,GA,(770) 847-8230,4.7,430,82,,Enterprise / chain,membership retention,A membership model across a franchise network means churn compounds quietly — one location's retention problem doesn't show up until the cohort is gone.,buckhead@dermanimedspa.com,https://dermanimedspa.com/buckhead-atlanta-ga/,,,,,,
30,1 Qualified,Winter Park Laser & Anti-Aging Center,Winter Park,FL,(407) 601-1185,4.7,422,10,,Small,weekend coverage,Closed Saturday and Sunday against 422 reviews — whoever calls this weekend books somewhere else by Monday.,info@winterparklaser.com,https://www.winterparklaser.com/,,,,,,
31,1 Qualified,Glow Medspa Houston,Houston,TX,(346) 478-7600,4.7,422,5,,Micro / owner-operated,monday backlog,"Closed Sunday and Monday, five staff.",contact@glowmedspa.com,https://glowmedspa.com/laser-treatments-med-spa-services-in-houston-tx/,,,,,,
32,1 Qualified,Basis Aesthetics,Delray Beach,FL,(561) 774-2296,5.0,399,6,,Micro / owner-operated,weekend calls,A clean 5.0 across 399 reviews with six people.,hello@basisaesthetics.com,http://basisaesthetics.com/,,,,,,
33,1 Qualified,Artistik Beauty,Winter Park,FL,(407) 759-8807,4.9,397,3,,Micro / owner-operated,free consultations,"You lead with free consultations, and free consults no-show harder than any other appointment type in aesthetics.",info@artistikbeautyfl.com,http://artistikbeautyfl.com/,,,,,,
34,1 Qualified,Be You Medical,Roseville,CA,(916) 223-9361,4.9,394,,,Unknown,midweek gap,"Closed Sunday and Wednesday — an unusual split, and a hard one for patients to remember.",info@beyouthful.com,http://www.beyouthful.com/?utm_source=google&utm_medium=organic&utm_campaign=GMB,,,,,,
35,1 Qualified,Michigan Advanced Aesthetics,Detroit,MI,(248) 542-3700,4.9,388,4,,Micro / owner-operated,monday backlog,"Two locations, four staff, closed Sunday and Monday.",laura@michiganadvancedaesthetics.com,http://www.michiganadvancedaesthetics.com/,,,,,,
36,5 Chain locations,SkinSpirit Walnut Creek,Walnut Creek,CA,(925) 952-9200,4.9,379,,,,location routing,"Writing about Walnut Creek specifically — 379 reviews there, and it's one of a dozen-plus SkinSpirit sites I can see.",walnutcreek@skinspirit.com,https://www.skinspirit.com/locations/walnut-creek/?utm_source=citation&utm_medium=organic&utm_campaign=walnutcreek,,,,,,
37,1 Qualified,Amerejuve Medspa,The Woodlands,TX,(713) 960-6262,4.9,363,46,,Core (best fit),seven locations,"Seven locations across Texas and Georgia, all closed Sunday and Monday.",info@amerejuve.com,https://www.amerejuve.com/,,,,,,
38,1 Qualified,NSI Wellness | Aesthetics,Nashville,TN,(615) 431-3724,4.9,363,,,Unknown,weekend coverage,363 reviews at 4.9 with both weekend days dark.,info@tolmanmedical.com,http://tolmanmedical.com/,,,,,,
39,1 Qualified,"Prime MD, P.C.",Raleigh,NC,(919) 948-6355,5.0,351,7,,Small,seven staff,A flat 5.0 across 351 reviews says the people who reach you leave happy.,info@primemdcenter.com,https://primemdcenter.com/,,,,,,
40,5 Chain locations,New Image Works,Aventura,FL,(786) 438-0778,5,339,,,,two locations,Writing about the Miami site.,info-miami@newimageworks.com,https://newimageworks.com/contact-us-miami/,,,,,,
41,1 Qualified,BeautyCo,Raleigh,NC,(984) 222-0026,4.9,337,12,,Small,weekend voicemail,A Top 500 Allergan practice with both weekend days dark.,hello@beautycoraleigh.com,http://beautycoraleigh.com/,,,,,,
42,1 Qualified,VIO Med Spa,Aventura,FL,(954) 272-8330,5.0,329,330,,Enterprise / chain,franchise call routing,"A franchise network means inbound calls hit whichever location the caller happened to find, and a misrouted call is a booking the system paid for and lost.",queencreek@viomedspa.com,https://www.viomedspa.com/aventura/?utm_source=GBP&utm_medium=GBP+Listing,,,,,,
43,1 Qualified,VIIV WELLNESS HAUS,Miami,FL,(786) 550-6249,5.0,325,,,Unknown,weekend coverage,A flat 5.0 across 325 reviews says the experience lands.,contact@viivwellnesshaus.com,http://viivwellnesshaus.com/?utm_source=google&utm_medium=organic&utm_campaign=gbp,,,,,,
44,5 Chain locations,VIO Med Spa | Fort Lauderdale,Fort Lauderdale,FL,(954) 687-1846,4.9,319,,,,franchise routing,"Reaching out about Fort Lauderdale, though with VIO's franchise footprint this plainly sits above the location.",fortlauderdale@viomedspa.com,https://www.viomedspa.com/fort-lauderdale/?utm_source=GBP&utm_medium=GBP+Listing,,,,,,
45,1 Qualified,Serenity Aesthetics & Wellness,San Francisco,CA,(415) 781-9200,4.5,316,20,,Core (best fit),review replies,"4.5 across 316 reviews puts you below most SF med spas on the same block, and the critical ones look unanswered.",info@serenitymedspa.com,https://serenitymedspa.com/?y_source=1_MTA2NzU1NDY2OC03MTUtbG9jYXRpb24ud2Vic2l0ZQ%3D%3D,,,,,,
46,1 Qualified,Gateway Aesthetic Institute and Laser Center,Salt Lake City,UT,(801) 595-1600,4.4,310,24,,Core (best fit),review replies,"4.4 across 310 reviews is a good practice with a visible gap — the critical ones look unanswered, and that's what a prospect reads first.",info@gatewaylasercenter.com,http://gatewaylasercenter.com/?utm_medium=local&utm_source=google&utm_campaign=yext&y_source=1_MTAwNDMwNjQxMi03MTUtbG9jYXRpb24ud2Vic2l0ZQ%3D%3D,,,,,,
47,5 Chain locations,SkinSpirit Palo Alto,Palo Alto,CA,(650) 324-9600,4.6,309,,,,one location outlier,"Palo Alto sits at 4.6 across 309 reviews, which is noticeably below where SkinSpirit runs elsewhere — Walnut Creek and Roseville are both 4.9 or better.",paloalto@skinspirit.com,https://www.skinspirit.com/locations/palo-alto/?utm_source=citation&utm_medium=organic&utm_campaign=paloalto,,,,,,
48,1 Qualified,Med 1 Aesthetics,Detroit,MI,(734) 780-7070,5.0,306,2,,Micro / owner-operated,two locations,"Ann Arbor and Wyandotte, two people, a flat 5.0 across 306 reviews.",info@med1aesthetics.com,http://www.med1aesthetics.com/,,,,,,
49,1 Qualified,Natural Beauty Laser,Delray Beach,FL,(561) 926-1392,4.9,301,1,,Micro / owner-operated,solo practice,301 reviews at 4.9 as essentially a one-person operation.,office@naturalbeautylaser.com,https://naturalbeautylaser.com/,,,,,,
50,1 Qualified,Allure Medical,Charlotte,NC,(888) 269-3209,4.5,299,150,,Enterprise / chain,fourteen locations,"Fourteen locations across three states, and a 4.5 that sits below where a network your size probably wants it.",info@alluremedical.com,https://www.alluremedical.com/locations/charlotte-nc/?utm_source=gmb&utm_medium=gmb&utm_campaign=gmbcharlottenc,,,,,,
51,5 Chain locations,SkinSpirit Roseville,Roseville,CA,(279) 226-8550,5,296,,,,sunday calls,Roseville's at a flat 5.0 across 296 reviews — among the strongest sites in the network by my read.,roseville@skinspirit.com,https://www.skinspirit.com/locations/roseville/,,,,,,
52,1 Qualified,Shino Bay Cosmetic Dermatology & Laser Institute,Fort Lauderdale,FL,(954) 765-3005,4.8,286,21,,Core (best fit),clinical questions,A practice running cosmetic dermatology alongside plastic surgery shouldn't put an AI on the phone unsupervised — speculating about a post-op reaction isn't worth any amount of booking convenience.,info@shinobayderm.com,https://www.shinobayderm.com/?utm_source=google&utm_medium=organic&utm_campaign=online_search&utm_id=local,,,,,,
53,1 Qualified,Juvly Aesthetics,Columbus,OH,(614) 500-7000,4.6,277,53,,Enterprise / chain,eleven locations,"Eleven locations across five states, all closed both weekend days, and a 4.6 that sits below where a network your size probably wants to be.",info@juvly.com,https://www.juvly.com/?y_source=1_MTAwNDg3OTYzNC03MTUtbG9jYXRpb24ud2Vic2l0ZQ%3D%3D,,,,,,
54,1 Qualified,Enigma Plastic Surgery,Philadelphia,PA,(215) 717-7117,4.8,270,2,,Micro / owner-operated,weight loss inquiries,"Medical weight loss is your lead offer, and weight-loss inquiries arrive in volume, mostly unqualified, mostly outside business hours.",info@enigmamedispa.com,http://enigmamedispa.com/,,,,,,
55,1 Qualified,Tre Medspa,Tampa,FL,(813) 749-0918,4.8,265,1,,Micro / owner-operated,solo practice,265 reviews at 4.8 running solo in Westchase.,info@tremedspa.com,http://www.tremedspa.com/,,,,,,
56,1 Qualified,St. Louis Skin Solutions,St Louis,MO,(314) 485-7845,4.8,254,13,,Small,weekend calls,Twenty-one years in St.,info@stlouisskin.com,https://stlouisskin.com/,,,,,,
57,1 Qualified,CMA - Center for Modern Aesthetic Medicine,Jacksonville,FL,(904) 772-5828,4.8,250,16,,Core (best fit),weekend coverage,"Closed Saturday and Sunday, sixteen staff, 250 reviews at 4.8.",info@cmamedicine.com,https://cmamedicine.com/?utm_source=gbp,,,,,,
58,1 Qualified,Charlotte Plastic Surgery,Charlotte,NC,(704) 372-6846,4.7,245,44,,Core (best fit),weekend consults,"A practice running since 1951 with two Charlotte locations, closed both weekend days.",info@charlotteplasticsurgery.com,https://www.charlotteplasticsurgery.com/?utm_source=google&utm_medium=organic&utm_campaign=gbp&utm_content=uptown,,,,,,
59,1 Qualified,Manhattan Dermatology,Manhattan Beach,CA,(310) 546-1188,4.6,231,18,,Core (best fit),front desk triage,Three locations running general dermatology alongside cosmetic means one phone line is triaging a skin-cancer screening and a filler consult with the same greeting — and both weekend days are dark.,info@manhattan-dermatology.com,http://www.manhattan-dermatology.com/,,,,,,
60,1 Qualified,image DermatologyÂ® P.C.,Montclair,NJ,(973) 509-6900,4.3,221,11,,Small,unanswered reviews,4.3 on 221 reviews.,info@imagedermatology.com,https://www.imagedermatology.com/,,,,,,
61,1 Qualified,Pure Luxe Medical,Manhattan Beach,CA,(424) 277-1642,4.8,211,4,,Micro / owner-operated,weekend voicemail,"Four staff on Main Street, weekends closed.",info@pureluxemedical.com,https://www.pureluxemedical.com/,,,,,,
62,1 Qualified,Onestop Aesthetic Travel and Wellness Center,Pleasanton,CA,(925) 263-9547,4.7,197,3,,Micro / owner-operated,weekend calls,"Three staff, weekends closed, and a business model that involves coordinating travel — which means more back-and-forth per booking than a normal med spa, not less.",info@onestopaesthetictravelandwellness.com,https://www.onestopaesthetictravelandwellness.com/,,,,,,
63,5 Chain locations,SkinSpirit Katy,Katy,TX,(281) 769-8644,4.9,180,,,,location routing,"Writing about Katy — 180 reviews at 4.9, Sunday closed.",katy@skinspirit.com,https://www.skinspirit.com/locations/katy/,,,,,,
64,5 Chain locations,VIO Med Spa | Upper Arlington,Columbus,OH,(614) 686-4418,4.9,179,,,,two dark days,"Upper Arlington shows closed Sunday and Monday — two dark days, where most VIO locations I can see only lose Sunday.",upperarlington@viomedspa.com,https://www.viomedspa.com/upper-arlington/?utm_source=GBP+Listing&utm_medium=GBP,,,,,,
65,5 Chain locations,SkinSpirit Portland,Portland,OR,(971) 369-7400,4.9,168,,,,sunday coverage,"NW Portland, 168 reviews at 4.9, Sunday dark.",nwportland@skinspirit.com,https://www.skinspirit.com/locations/portland/,,,,,,
66,1 Qualified,Barr Aesthetics,Salt Lake City,UT,(801) 532-0204,4.7,167,6,,Micro / owner-operated,surgical consults,"A facial plastic surgery practice books the most expensive consult in aesthetics, and the weekend caller comparing rhinoplasty surgeons is exactly the one you can't afford to miss.",info@barraesthetics.com,http://barraesthetics.com/,,,,,,
67,5 Chain locations,Elase Medical Spa - South Tampa,Tampa,FL,(813) 921-8770,4.9,167,,,,location routing,Writing about South Tampa.,southtampa@elase.com,https://elase.com/locations/south-tampa/?UTM_source=GMB_listing&UTM_medium=organic&utm_campaign=southtampa,,,,,,
68,5 Chain locations,SkinSpirit Seattle - Green Lake,Seattle,WA,(206) 656-1020,4.8,160,,,,sunday calls,"Green Lake, 160 reviews at 4.8, Sunday closed.",greenlake@skinspirit.com,https://www.skinspirit.com/locations/seattle-green-lake/,,,,,,
