Business,City,ST,Email,Provider,Phone,Website,Rating,Reviews,Coverage gap,Lead with,Subject,Email body
BeRejuved Medical Spa & Wellness Studio - NYC,New York,NY,berejuved@gmail.com,gmail.com,(646) 992-2122,https://berejuvednyc.zoca.com/?utm_source=googlemaps&utm_medium=googlemaps&utm_campaign=googlemaps,4.9,671,hours not listed,Receptionist / voice agent,after hours,"671 reviews is a lot of traffic through one front desk.

An agent answers what you can't, quotes real prices, and books as pending so you confirm.

Worth exploring?"
Aesthetic Element,Weston,FL,enhancedaestheticscenter@gmail.com,gmail.com,(954) 303-9700,https://aestheticelement.com/,4.9,644,"Saturday, Sunday",Receptionist / voice agent,weekend voicemail,"Closed Saturday and Sunday. At 644 reviews that's a lot of missed inbound.

An agent answers those hours, quotes your real prices, and books as pending so you confirm before anything is real. Clinical questions it won't touch — those go to a provider callback.

Useful?"
Nefertiti spa,Plantation,FL,nefertitispa305@gmail.com,gmail.com,(305) 282-4619,https://nefertitispaplantation.zoca.com/?utm_source=googlemaps&utm_medium=googlemaps&utm_campaign=googlemaps,5,605,Sunday,Receptionist / voice agent,sunday coverage,"Sunday's closed, and 605 reviews says people still call on Sunday.

An agent covers Sunday, quotes real pricing, and books as pending so you confirm. It refuses anything clinical.

Worth exploring?"
Evolving Aesthetics,Orlando,FL,helloevolvingaesthetics@gmail.com,gmail.com,(407) 784-4022,https://www.evolvingaesthetics.com/,5,589,Sunday,Receptionist / voice agent,sunday calls,"589 reviews at 5, Sunday still dark.

An agent covers Sunday, quotes real pricing, and books as pending so you confirm. It refuses anything clinical.

Worth a look?"
New U Natural Beauty,Las Vegas,NV,newunaturalbeauty@gmail.com,gmail.com,(702) 257-6398,http://www.newulasvegas.com/,4.7,521,Sunday,Receptionist / voice agent,sunday coverage,"Sunday's closed, and 521 reviews says people still call on Sunday.

An agent covers Sunday, quotes real pricing, and books as pending so you confirm. It refuses anything clinical.

Worth exploring?"
MedSpa at Villagio,Katy,TX,medspaatvillagio@gmail.com,gmail.com,(281) 347-2566,http://medspaatvillagio.com/,4.9,508,Sunday,Receptionist / voice agent,sunday coverage,"Sunday's closed, and 508 reviews says people still call on Sunday.

An agent covers Sunday, quotes real pricing, and books as pending so you confirm. It refuses anything clinical.

Worth exploring?"
The Look Med Spa,Las Vegas,NV,thelookmedspa@gmail.com,gmail.com,(702) 246-2238,http://thelookmedspalv.com/,4.9,486,"Saturday, Sunday",Receptionist / voice agent,weekend voicemail,"Closed Saturday and Sunday. At 486 reviews that's a lot of missed inbound.

An agent answers those hours, quotes your real prices, and books as pending so you confirm before anything is real. Clinical questions it won't touch — those go to a provider callback.

Useful?"
Lola Aesthetics & Medi Spa,Ridgewood,NJ,flolangenp@gmail.com,gmail.com,(347) 228-2309,https://www.lolaaestheticsmedispa.com/,5,468,hours not listed,Receptionist / voice agent,missed calls,"At 468 reviews you're fielding more calls than you can book.

An agent answers what you can't, quotes real prices, and books as pending so you confirm.

Useful?"
REJUV Aesthetics & Wellness,Encinitas,CA,rejuvcryo@gmail.com,gmail.com,(760) 230-6499,https://www.rejuvcryo.com/,4.9,461,hours not listed,Receptionist / voice agent,missed calls,"At 461 reviews you're fielding more calls than you can book.

An agent answers what you can't, quotes real prices, and books as pending so you confirm.

Useful?"
Chic la Vie,Las Vegas,NV,chiclavielasvegas@gmail.com,gmail.com,(702) 233-8535,https://chiclavie.com/,4.8,436,"Saturday, Sunday",Receptionist / voice agent,weekend coverage,"436 reviews at 4.8, and the weekend is dark. That's two days of Las Vegas calls nobody hears.

An agent answers those hours, quotes your real prices, and books as pending so you confirm before anything is real. Clinical questions it won't touch — those go to a provider callback.

Worth exploring?"
Skin Medical Spa in San Diego | Skin Tightening | Cryo Fat Freezing | Lipo Cavitation,San Diego,CA,mailtoskinmedicalsd@gmail.com,gmail.com,(858) 203-3422,https://skinmedicalsd.com/,4.9,425,hours not listed,Receptionist / voice agent,front desk,"425 reviews at 4.9 means your phone rarely stops.

An agent answers what you can't, quotes real prices, and books as pending so you confirm.

Worth a look?"
Sugar Land Medical Spa,Sugar Land,TX,kimberlyevansmd@hotmail.com,hotmail.com,(281) 277-7721,https://sugarlandmedspa.com/?utm_source=google&utm_medium=organic&utm_campaign=google_business_profile,4.8,415,Sunday,Receptionist / voice agent,sunday coverage,"Sunday's closed, and 415 reviews says people still call on Sunday.

An agent covers Sunday, quotes real pricing, and books as pending so you confirm. It refuses anything clinical.

Worth exploring?"
Lilly Beauty,Temecula,CA,lillybeautytemecula@gmail.com,gmail.com,(951) 553-4511,https://lillybeautytemecula.com/,4.6,388,hours not listed,Receptionist / voice agent,after hours,"388 reviews is a lot of traffic through one front desk.

An agent answers what you can't, quotes real prices, and books as pending so you confirm.

Worth exploring?"
"Cosmetiq Med Spa - Portland Botox, Filler & Laser",Portland,OR,cosmetiqmedicine@gmail.com,gmail.com,(503) 572-2675,https://cosmetiqmedicine.com/,4.8,376,"Monday, Sunday",Receptionist / voice agent,two dark days,"You're closed Monday, Sunday. Everything lands at once the next morning.

An agent works the queue as it arrives instead of letting it stack, and books as pending so you confirm.

Worth exploring?"
SKIN Med Spa & Laser,McKinney,TX,skinmedspastexas@gmail.com,gmail.com,(214) 935-9697,http://skinmedspas.com/,4.6,369,"Monday, Sunday",Receptionist / voice agent,monday backlog,"Closed Monday, Sunday — the calls don't stop, they pile up for the next open day.

An agent works the queue as it arrives instead of letting it stack, and books as pending so you confirm.

Worth a look?"
Shiny Laser Skin Clinic,Salt Lake City,UT,shinylaserclinic@gmail.com,gmail.com,(213) 382-5888,https://shinylaserclinic.com/,4.8,365,Sunday,Receptionist / voice agent,sunday voicemail,"At 365 reviews you're not short on demand — Sunday callers just get voicemail.

An agent covers Sunday, quotes real pricing, and books as pending so you confirm. It refuses anything clinical.

Useful?"
Unique Clinic,Aventura,FL,uclinicmiami@gmail.com,gmail.com,(954) 895-4707,https://www.uclinicmiami.com/,4.9,351,"Saturday, Sunday",Receptionist / voice agent,weekend calls,"Both weekend days closed against 351 reviews. Whoever calls Saturday books somewhere else by Monday.

An agent answers those hours, quotes your real prices, and books as pending so you confirm before anything is real. Clinical questions it won't touch — those go to a provider callback.

Worth a look?"
Bodyvine Aesthetics,Roseville,CA,bodyvineaesthetics@gmail.com,gmail.com,(916) 742-5626,https://bodyvineaesthetics.com/?utm_source=google&utm_medium=organic&utm_campaign=gbp-website,4.9,322,"Saturday, Sunday",Receptionist / voice agent,weekend voicemail,"Closed Saturday and Sunday. At 322 reviews that's a lot of missed inbound.

An agent answers those hours, quotes your real prices, and books as pending so you confirm before anything is real. Clinical questions it won't touch — those go to a provider callback.

Useful?"
BEAUTY AND GLAMOUR MED SPA PLLC,Detroit,MI,beautyandglamourmedspa@gmail.com,gmail.com,(248) 592-7385,http://www.beautyandglamourmedspa.com/,5,311,"Monday, Sunday",Receptionist / voice agent,two dark days,"You're closed Monday, Sunday. Everything lands at once the next morning.

An agent works the queue as it arrives instead of letting it stack, and books as pending so you confirm.

Worth exploring?"
Skin So Sweet Medspa,Huntington Beach,CA,skinsosweethb@gmail.com,gmail.com,(714) 203-3527,https://www.skinsosweetmedspa.com/,4.6,293,Saturday,Receptionist / voice agent,monday backlog,"Closed Saturday — the calls don't stop, they pile up for the next open day.

An agent works the queue as it arrives instead of letting it stack, and books as pending so you confirm.

Worth a look?"
Nucell Skin Medspa,San Jose,CA,nucellskinsolution@yahoo.com,yahoo.com,(408) 303-0168,https://nucellskinmedicalspa.com/,4.8,266,Wednesday,Receptionist / voice agent,monday backlog,"Closed Wednesday — the calls don't stop, they pile up for the next open day.

An agent works the queue as it arrives instead of letting it stack, and books as pending so you confirm.

Worth a look?"
Premier Health Spa,Sugar Land,TX,premierhealthspaa@gmail.com,gmail.com,(346) 368-2995,http://premierhealthspa.com/,5,264,Sunday,Receptionist / voice agent,sunday calls,"264 reviews at 5, Sunday still dark.

An agent covers Sunday, quotes real pricing, and books as pending so you confirm. It refuses anything clinical.

Worth a look?"
Prime MedSpa PDX,Portland,OR,infoprimemedspa@gmail.com,gmail.com,(971) 777-0303,https://primemedspapdx.com/,4.9,261,Sunday,Receptionist / voice agent,sunday calls,"261 reviews at 4.9, Sunday still dark.

An agent covers Sunday, quotes real pricing, and books as pending so you confirm. It refuses anything clinical.

Worth a look?"
Medical Cosmetic Liposuction Washington,Washington,DC,mcelaser@gmail.com,gmail.com,(202) 621-8675,http://www.medicalcosmetic.org/,4.5,239,"Saturday, Sunday",Review request + AI replies,unanswered reviews,"You're at 4.5 on 239 reviews — the gap is usually unanswered criticism, not worse treatment.

Review requests fire after a treatment actually completes, and replies come back drafted for you to approve. Nothing posts publicly without you — a public reply confirms someone was a patient.

Worth exploring?"
Nova Headspa & Medspa,McKinney,TX,novamedicaltx@gmail.com,gmail.com,(469) 688-8606,http://www.novamedspa.net/,5,235,Monday,Receptionist / voice agent,monday backlog,"Closed Monday — the calls don't stop, they pile up for the next open day.

An agent works the queue as it arrives instead of letting it stack, and books as pending so you confirm.

Worth a look?"
SkyBalance MedSpa,Weston,FL,skybalancemedspa@gmail.com,gmail.com,(847) 895-8180,https://www.skybalancemedspa.com/?utm_source=google&utm_medium=organic&utm_campaign=gmb,4.8,230,Sunday,Receptionist / voice agent,sunday voicemail,"At 230 reviews you're not short on demand — Sunday callers just get voicemail.

An agent covers Sunday, quotes real pricing, and books as pending so you confirm. It refuses anything clinical.

Useful?"
Medical & Beauty Care Clinic,Ridgewood,NJ,rutajkhan@gmail.com,gmail.com,(224) 407-2140,https://medicalbeautycareoakbrook.zoca.com/?utm_source=googlemaps&utm_medium=googlemaps&utm_campaign=googlemaps,4.9,218,"Sunday, Tuesday",Receptionist / voice agent,monday backlog,"Closed Sunday, Tuesday — the calls don't stop, they pile up for the next open day.

An agent works the queue as it arrives instead of letting it stack, and books as pending so you confirm.

Worth a look?"
Angel Aesthetics Med Spa,Orlando,FL,angelaestheticsmedspa@gmail.com,gmail.com,(407) 405-6074,http://www.aamedspas.com/,5,217,"Monday, Sunday",Receptionist / voice agent,two dark days,"You're closed Monday, Sunday. Everything lands at once the next morning.

An agent works the queue as it arrives instead of letting it stack, and books as pending so you confirm.

Worth exploring?"
Omorfia Medical Spa,Detroit,MI,omorfiamedicalspa@gmail.com,gmail.com,(313) 888-8104,https://omorfiamedicalspa.com/,5,208,Sunday,Receptionist / voice agent,sunday voicemail,"At 208 reviews you're not short on demand — Sunday callers just get voicemail.

An agent covers Sunday, quotes real pricing, and books as pending so you confirm. It refuses anything clinical.

Useful?"
SKIN & LASER The Moran Medical Corp,Weston,FL,sknbyanahi@hotmail.com,hotmail.com,(754) 364-6662,https://www.themoranmedical.com/,5,189,hours not listed,Receptionist / voice agent,front desk,"189 reviews at 5 means your phone rarely stops.

An agent answers what you can't, quotes real prices, and books as pending so you confirm.

Worth a look?"
Revive Medical Spa LLC.,Clearwater,FL,revivemedspaclearwater@gmail.com,gmail.com,(727) 218-8364,https://www.myrevivespa.com/,4.9,187,"Saturday, Sunday",Receptionist / voice agent,weekend coverage,"187 reviews at 4.9, and the weekend is dark. That's two days of Clearwater calls nobody hears.

An agent answers those hours, quotes your real prices, and books as pending so you confirm before anything is real. Clinical questions it won't touch — those go to a provider callback.

Worth exploring?"
Aromas Medspa at Weston,Weston,FL,aromas@me.com,me.com,(954) 349-3001,https://aromaslaser.com/?utm_source=google&utm_medium=organic&utm_campaign=gbp,4.8,183,Sunday,Receptionist / voice agent,sunday calls,"183 reviews at 4.8, Sunday still dark.

An agent covers Sunday, quotes real pricing, and books as pending so you confirm. It refuses anything clinical.

Worth a look?"
Concierge Cosmetics & Aesthetics,Jacksonville,FL,conciergecosmeticsjax@gmail.com,gmail.com,(904) 402-4255,https://conciergecosmeticsandaesthetics.com/,4.9,177,Sunday,Receptionist / voice agent,sunday voicemail,"At 177 reviews you're not short on demand — Sunday callers just get voicemail.

An agent covers Sunday, quotes real pricing, and books as pending so you confirm. It refuses anything clinical.

Useful?"
Legacy Aesthetics,Pleasanton,CA,legacyaestheticsca@gmail.com,gmail.com,(925) 452-7472,https://www.legacynp.com/,5,171,hours not listed,Receptionist / voice agent,front desk,"171 reviews at 5 means your phone rarely stops.

An agent answers what you can't, quotes real prices, and books as pending so you confirm.

Worth a look?"
Atlanta MediSpa & Surgery Center,Atlanta,GA,info.djatkinsmd@gmail.com,gmail.com,(678) 213-2220,http://www.atlantamedispa.com/,4.8,167,Sunday,Receptionist / voice agent,sunday voicemail,"At 167 reviews you're not short on demand — Sunday callers just get voicemail.

An agent covers Sunday, quotes real pricing, and books as pending so you confirm. It refuses anything clinical.

Useful?"
"Sani Aesthetics Medical Spa San Jose - Omeed Sani, MD",San Jose,CA,drsaniaesthetics@gmail.com,gmail.com,(408) 884-8890,https://saniaesthetics.com//?utm_source=google&utm_medium=organic&utm_campaign=GMB,4.8,167,"Saturday, Sunday",Receptionist / voice agent,weekend coverage,"167 reviews at 4.8, and the weekend is dark. That's two days of San Jose calls nobody hears.

An agent answers those hours, quotes your real prices, and books as pending so you confirm before anything is real. Clinical questions it won't touch — those go to a provider callback.

Worth exploring?"
Timeless Beauty Aesthetics,Fort Lauderdale,FL,michellebotoxqueen@gmail.com,gmail.com,(954) 763-2998,https://www.timelessbeautyaesthetics.com/,4.9,165,Sunday,Receptionist / voice agent,sunday coverage,"Sunday's closed, and 165 reviews says people still call on Sunday.

An agent covers Sunday, quotes real pricing, and books as pending so you confirm. It refuses anything clinical.

Worth exploring?"
JC Signature Aesthetics,Summit,NJ,jcsignatureaesthetics@gmail.com,gmail.com,(908) 290-5066,http://www.jcsignatureaesthetics.com/,5,160,hours not listed,Receptionist / voice agent,front desk,"160 reviews at 5 means your phone rarely stops.

An agent answers what you can't, quotes real prices, and books as pending so you confirm.

Worth a look?"
ELin Medical office,Beverly Hills,CA,elinmedicalspa@gmail.com,gmail.com,(424) 253-4516,https://elinmedicalspa.com/,4.7,153,hours not listed,Receptionist / voice agent,after hours,"153 reviews is a lot of traffic through one front desk.

An agent answers what you can't, quotes real prices, and books as pending so you confirm.

Worth exploring?"
Astra Aesthetic Center,Redondo Beach,CA,astraaestheticcenter@gmail.com,gmail.com,(310) 504-0822,https://astraaesthetic.com/,4.6,148,Saturday,Receptionist / voice agent,midweek gap,"148 reviews at 4.6, closed Saturday. Two dark days is a lot arriving together.

An agent works the queue as it arrives instead of letting it stack, and books as pending so you confirm.

Useful?"
Blush & Glow Aesthetics,Temecula,CA,blushandglowtemecula@outlook.com,outlook.com,(951) 440-5294,http://blushandglowtemecula.com/,5,143,Monday,Receptionist / voice agent,monday backlog,"Closed Monday — the calls don't stop, they pile up for the next open day.

An agent works the queue as it arrives instead of letting it stack, and books as pending so you confirm.

Worth a look?"
Aesthetica Med Spa of San Diego,San Diego,CA,aestheticamedspasd@gmail.com,gmail.com,(619) 204-5843,https://www.aestheticamedspasd.com/,4.9,141,Sunday,Receptionist / voice agent,sunday voicemail,"At 141 reviews you're not short on demand — Sunday callers just get voicemail.

An agent covers Sunday, quotes real pricing, and books as pending so you confirm. It refuses anything clinical.

Useful?"
Tighter Lines Aesthetics,Jupiter,FL,tighterlinesaesthetics@gmail.com,gmail.com,(561) 203-2765,http://tighterlinesaesthetics.com/,5,140,"Saturday, Sunday",Receptionist / voice agent,weekend calls,"Both weekend days closed against 140 reviews. Whoever calls Saturday books somewhere else by Monday.

An agent answers those hours, quotes your real prices, and books as pending so you confirm before anything is real. Clinical questions it won't touch — those go to a provider callback.

Worth a look?"
Paradise Laser Delray,Delray Beach,FL,paradiselaserteam@gmail.com,gmail.com,(561) 815-4074,http://www.paradiselaserdelray.com/,5,139,"Monday, Sunday, Tuesday",Receptionist / voice agent,midweek gap,"139 reviews at 5, closed Monday, Sunday, Tuesday. Two dark days is a lot arriving together.

An agent works the queue as it arrives instead of letting it stack, and books as pending so you confirm.

Useful?"
SAFI MIRAN Las Vegas Laser & Rejuvenation Center,Las Vegas,NV,20safimiranbeauty@gmail.com,gmail.com,(702) 347-0103,http://safimiran.com/,4.9,138,"Saturday, Sunday",Receptionist / voice agent,weekend coverage,"138 reviews at 4.9, and the weekend is dark. That's two days of Las Vegas calls nobody hears.

An agent answers those hours, quotes your real prices, and books as pending so you confirm before anything is real. Clinical questions it won't touch — those go to a provider callback.

Worth exploring?"
Renew You Palm Beach,West Palm Beach,FL,renewyoupalmbeach@gmail.com,gmail.com,(561) 247-7991,https://www.renewyoupalmbeach.com/,5,138,"Friday, Saturday, Sunday",Receptionist / voice agent,weekend coverage,"138 reviews at 5, and the weekend is dark. That's two days of West Palm Beach calls nobody hears.

An agent answers those hours, quotes your real prices, and books as pending so you confirm before anything is real. Clinical questions it won't touch — those go to a provider callback.

Worth exploring?"
Aesthetic Center at Woodholme,Baltimore,MD,emilebrownmd@gmail.com,gmail.com,(410) 486-3400,https://www.acwplasticsurgery.com/,4.8,131,"Saturday, Sunday",Receptionist / voice agent,weekend voicemail,"Closed Saturday and Sunday. At 131 reviews that's a lot of missed inbound.

An agent answers those hours, quotes your real prices, and books as pending so you confirm before anything is real. Clinical questions it won't touch — those go to a provider callback.

Useful?"
Dallas Aesthetic Studio,Dallas,TX,aestheticstudio.dtx@gmail.com,gmail.com,(469) 442-9792,https://dallasaestheticstudio.glossgenius.com/,5,124,"Monday, Tuesday, Wednesday",Receptionist / voice agent,monday backlog,"Closed Monday, Tuesday, Wednesday — the calls don't stop, they pile up for the next open day.

An agent works the queue as it arrives instead of letting it stack, and books as pending so you confirm.

Worth a look?"
North Texas Plastic Surgery Med-Spa,Southlake,TX,obaidplasticsurgery@gmail.com,gmail.com,(817) 660-7637,https://www.northtexasplasticsurgery.com/southlake-plastic-surgery/med-spa/?utm_source=GBP&utm_medium=GBP&utm_campaign=GBP_Southlake&utm_id=GBP_Southlake,5,123,hours not listed,Receptionist / voice agent,after hours,"123 reviews is a lot of traffic through one front desk.

An agent answers what you can't, quotes real prices, and books as pending so you confirm.

Worth exploring?"
Glo Med Spa Austin,Austin,TX,info.glomedspaaustin@gmail.com,gmail.com,(512) 336-7546,https://www.glomedspaaustin.com/?utm_source=google&utm_medium=organic&utm_campaign=gbp,4.6,121,"Saturday, Sunday",Receptionist / voice agent,weekend coverage,"121 reviews at 4.6, and the weekend is dark. That's two days of Austin calls nobody hears.

An agent answers those hours, quotes your real prices, and books as pending so you confirm before anything is real. Clinical questions it won't touch — those go to a provider callback.

Worth exploring?"
Premier Medical Spa,Jacksonville,FL,premiermedicalspa@yahoo.com,yahoo.com,(904) 955-0605,https://premiermedicalspa.com/,4.5,120,hours not listed,Review request + AI replies,review replies,"You're at 4.5 on 120 reviews — the gap is usually unanswered criticism, not worse treatment.

Review requests fire after a treatment actually completes, and replies come back drafted for you to approve. Nothing posts publicly without you — a public reply confirms someone was a patient.

Worth exploring?"
Liquid Beauty Clinic,Boca Raton,FL,liquidbeautyclinic@gmail.com,gmail.com,(561) 955-0525,https://liquidbeautyclinic.com/,5,113,"Monday, Saturday, Sunday",Receptionist / voice agent,weekend voicemail,"Closed Saturday and Sunday. At 113 reviews that's a lot of missed inbound.

An agent answers those hours, quotes your real prices, and books as pending so you confirm before anything is real. Clinical questions it won't touch — those go to a provider callback.

Useful?"
BEYOND AESTHETICS,Westport,CT,beyondaestheticswestport@gmail.com,gmail.com,(774) 518-2362,http://www.beyondaestheticswestport.com/,5,112,Sunday,Receptionist / voice agent,sunday coverage,"Sunday's closed, and 112 reviews says people still call on Sunday.

An agent covers Sunday, quotes real pricing, and books as pending so you confirm. It refuses anything clinical.

Worth exploring?"
Araya Rebirth Spa,Ridgewood,NJ,arayarebirthstudio@gmail.com,gmail.com,(201) 445-7005,http://arayarebirth.com/,4.9,109,Monday,Receptionist / voice agent,midweek gap,"109 reviews at 4.9, closed Monday. Two dark days is a lot arriving together.

An agent works the queue as it arrives instead of letting it stack, and books as pending so you confirm.

Useful?"
The Sculpt Spa,Sugar Land,TX,thesculptspa@gmail.com,gmail.com,(847) 466-5013,https://thesculptspa.zoca.com/?utm_source=googlemaps&utm_medium=googlemapsprofile&utm_campaign=googlemaps,4.7,106,"Saturday, Sunday",Receptionist / voice agent,weekend calls,"Both weekend days closed against 106 reviews. Whoever calls Saturday books somewhere else by Monday.

An agent answers those hours, quotes your real prices, and books as pending so you confirm before anything is real. Clinical questions it won't touch — those go to a provider callback.

Worth a look?"
"First Look Med Spa, LLC",Summit,NJ,modernaestheticscoinjectables@gmail.com,gmail.com,(413) 726-8507,http://www.firstlookmedspa.com/,5,105,Sunday,Receptionist / voice agent,sunday coverage,"Sunday's closed, and 105 reviews says people still call on Sunday.

An agent covers Sunday, quotes real pricing, and books as pending so you confirm. It refuses anything clinical.

Worth exploring?"
Renova Med Spa Temecula,Temecula,CA,renovaspaie@gmail.com,gmail.com,(951) 296-6333,https://www.renovaspatemecula.com/,4.8,102,Sunday,Receptionist / voice agent,sunday voicemail,"At 102 reviews you're not short on demand — Sunday callers just get voicemail.

An agent covers Sunday, quotes real pricing, and books as pending so you confirm. It refuses anything clinical.

Useful?"
glowU Med Spa,Boca Raton,FL,glowumedspa@gmail.com,gmail.com,(561) 896-1156,https://glowumedspa.com/?utm_source=google-gbp&utm_medium=organic&utm_campaign=profile-website,4.9,100,"Monday, Sunday",Receptionist / voice agent,monday backlog,"Closed Monday, Sunday — the calls don't stop, they pile up for the next open day.

An agent works the queue as it arrives instead of letting it stack, and books as pending so you confirm.

Worth a look?"
iHydrate Wellness & Aesthetics,Darien,CT,info.ihydrate@gmail.com,gmail.com,(224) 877-6186,https://www.ihydratemedspa.com/,4.9,100,"Sunday, Tuesday",Receptionist / voice agent,monday backlog,"Closed Sunday, Tuesday — the calls don't stop, they pile up for the next open day.

An agent works the queue as it arrives instead of letting it stack, and books as pending so you confirm.

Worth a look?"
