Business,City,ST,Email,Phone,Website,Rating,Reviews,Coverage gap,Lead with,Subject,Email body
SkinSpirit Walnut Creek,Walnut Creek,CA,walnutcreek@skinspirit.com,(925) 952-9200,https://www.skinspirit.com/locations/walnut-creek/?utm_source=citation&utm_medium=organic&utm_campaign=walnutcreek,4.9,379,HOURS NOT IN WORKBOOK - do not claim a closure,Receptionist — multi-location routing,location routing,"Reaching out about the SkinSpirit Walnut Creek location specifically — 379 reviews there, and inbound to SkinSpirit lands wherever the caller happened to search.

A misrouted call is a booking the network paid for and lost. An agent that knows every SkinSpirit location's real hours routes before it books, and books as pending so each front desk still confirms.

If someone at corporate owns this decision, happy to be pointed there instead.

Worth a look?"
New Image Works,Aventura,FL,info-miami@newimageworks.com,(786) 438-0778,https://newimageworks.com/contact-us-miami/,5,339,"Saturday, Sunday",Receptionist — multi-location routing,location routing,"Reaching out about the New Image Works location specifically — 339 reviews there, and inbound to New Image Works lands wherever the caller happened to search.

A misrouted call is a booking the network paid for and lost. An agent that knows every New Image Works location's real hours routes before it books, and books as pending so each front desk still confirms.

If someone at corporate owns this decision, happy to be pointed there instead.

Worth a look?"
VIO Med Spa | Fort Lauderdale,Fort Lauderdale,FL,fortlauderdale@viomedspa.com,(954) 687-1846,https://www.viomedspa.com/fort-lauderdale/?utm_source=GBP&utm_medium=GBP+Listing,4.9,319,Sunday,Receptionist — multi-location routing,location routing,"Reaching out about the Fort Lauderdale location specifically — 319 reviews there, and inbound to VIO Med Spa lands wherever the caller happened to search.

A misrouted call is a booking the network paid for and lost. An agent that knows every VIO Med Spa location's real hours routes before it books, and books as pending so each front desk still confirms.

If someone at corporate owns this decision, happy to be pointed there instead.

Worth a look?"
SkinSpirit Palo Alto,Palo Alto,CA,paloalto@skinspirit.com,(650) 324-9600,https://www.skinspirit.com/locations/palo-alto/?utm_source=citation&utm_medium=organic&utm_campaign=paloalto,4.6,309,HOURS NOT IN WORKBOOK - do not claim a closure,Receptionist — multi-location routing,location routing,"Reaching out about the SkinSpirit Palo Alto location specifically — 309 reviews there, and inbound to SkinSpirit lands wherever the caller happened to search.

A misrouted call is a booking the network paid for and lost. An agent that knows every SkinSpirit location's real hours routes before it books, and books as pending so each front desk still confirms.

If someone at corporate owns this decision, happy to be pointed there instead.

Worth a look?"
SkinSpirit Roseville,Roseville,CA,roseville@skinspirit.com,(279) 226-8550,https://www.skinspirit.com/locations/roseville/,5,296,Sunday,Receptionist — multi-location routing,front desk routing,"Reaching out about the SkinSpirit Roseville location specifically — 296 reviews there, and inbound to SkinSpirit lands wherever the caller happened to search.

A misrouted call is a booking the network paid for and lost. An agent that knows every SkinSpirit location's real hours routes before it books, and books as pending so each front desk still confirms.

If someone at corporate owns this decision, happy to be pointed there instead.

Worth a look?"
SkinSpirit Katy,Katy,TX,katy@skinspirit.com,(281) 769-8644,https://www.skinspirit.com/locations/katy/,4.9,180,Sunday,Receptionist — multi-location routing,location routing,"Reaching out about the SkinSpirit Katy location specifically — 180 reviews there, and inbound to SkinSpirit lands wherever the caller happened to search.

A misrouted call is a booking the network paid for and lost. An agent that knows every SkinSpirit location's real hours routes before it books, and books as pending so each front desk still confirms.

If someone at corporate owns this decision, happy to be pointed there instead.

Worth a look?"
VIO Med Spa | Upper Arlington,Columbus,OH,upperarlington@viomedspa.com,(614) 686-4418,https://www.viomedspa.com/upper-arlington/?utm_source=GBP+Listing&utm_medium=GBP,4.9,179,"Monday, Sunday",Receptionist — multi-location routing,front desk routing,"Reaching out about the Upper Arlington location specifically — 179 reviews there, and inbound to VIO Med Spa lands wherever the caller happened to search.

A misrouted call is a booking the network paid for and lost. An agent that knows every VIO Med Spa location's real hours routes before it books, and books as pending so each front desk still confirms.

If someone at corporate owns this decision, happy to be pointed there instead.

Worth a look?"
SkinSpirit Portland,Portland,OR,nwportland@skinspirit.com,(971) 369-7400,https://www.skinspirit.com/locations/portland/,4.9,168,Sunday,Receptionist — multi-location routing,front desk routing,"Reaching out about the SkinSpirit Portland location specifically — 168 reviews there, and inbound to SkinSpirit lands wherever the caller happened to search.

A misrouted call is a booking the network paid for and lost. An agent that knows every SkinSpirit location's real hours routes before it books, and books as pending so each front desk still confirms.

If someone at corporate owns this decision, happy to be pointed there instead.

Worth a look?"
Elase Medical Spa - South Tampa,Tampa,FL,southtampa@elase.com,(813) 921-8770,https://elase.com/locations/south-tampa/?UTM_source=GMB_listing&UTM_medium=organic&utm_campaign=southtampa,4.9,167,Sunday,Receptionist — multi-location routing,location routing,"Reaching out about the Elase Medical Spa - South Tampa location specifically — 167 reviews there, and inbound to Elase lands wherever the caller happened to search.

A misrouted call is a booking the network paid for and lost. An agent that knows every Elase location's real hours routes before it books, and books as pending so each front desk still confirms.

If someone at corporate owns this decision, happy to be pointed there instead.

Worth a look?"
SkinSpirit Seattle - Green Lake,Seattle,WA,greenlake@skinspirit.com,(206) 656-1020,https://www.skinspirit.com/locations/seattle-green-lake/,4.8,160,Sunday,Receptionist — multi-location routing,front desk routing,"Reaching out about the SkinSpirit Seattle - Green Lake location specifically — 160 reviews there, and inbound to SkinSpirit lands wherever the caller happened to search.

A misrouted call is a booking the network paid for and lost. An agent that knows every SkinSpirit location's real hours routes before it books, and books as pending so each front desk still confirms.

If someone at corporate owns this decision, happy to be pointed there instead.

Worth a look?"
