Email,Company,City,State,Country,Website,Phone,microns_subject,microns_body,microns_rank,microns_tier,microns_mailbox,microns_tz,microns_rating,microns_reviews
info@loungeaesthetics.com,Lounge Aesthetics,Boston,MA,United States,https://loungeaesthetics.com/,(774) 260-0843,weekend calls,"126 reviews at 4.9 with both weekend days dark. Boston's professional client base books almost exclusively outside working hours. An agent covers weekends, quotes real prices, and books as pending. Worth exploring?",251,C,1,ET,4.9,126
pure@puremedicalspa.us,Pure Med Spa,Chicago,IL,United States,https://puremedicalspa.us/?utm_source=google&utm_medium=organic&utm_campaign=gbp_roscoe_village,(312) 548-0034,front desk,"126 reviews at 4.7 in Chicago. At that volume the phone is already outpacing what one desk books cleanly, and the overflow is invisible — you never hear the calls you miss. An agent picks those up, quotes your real prices, and books as pending so a human confirms. Worth a look?",252,C,2,CT,4.7,126
info@callofbeautymedspa.com,Call of Beauty Med Spa Encinitas - Botox and Medical Grade Facials,Rancho Santa Fe,CA,United States,https://callofbeautymedspa.com/,(760) 230-2211,two dark days,"Closed Sunday and Monday, a flat 5.0 across 125 reviews. Two dark days in a beach market means the weekend inbound has nowhere to land until Tuesday. An agent covers both and books as pending so Tuesday starts with a calendar. Worth exploring?",253,C,3,PT,5,125
contact@labdeskin.com,Lab De Skin KATY,Katy,TX,United States,http://www.labdeskin.com/,(832) 437-8128,three dark days,"Closed Sunday, Thursday and one more. A midweek Thursday closure is the one nobody remembers — it produces more confused calls and no-shows than the weekend ones do. An agent that knows your real schedule covers all of it, and reminders at 24 and 2 hours catch anyone who booked forgetting Thursday exists. Worth exploring?",254,C,4,CT,4.8,125
info@loutfiaesthetics.com,Loutfi Aesthetics,Winter Park,FL,United States,https://loutfiaesthetics.com/,(407) 731-4258,weekend calls,"A flat 5.0 across 125 reviews, both weekend days closed. Winter Park has a med spa on nearly every block — the one that picks up gets the booking. An agent covers weekends, quotes your real prices, and books as pending. Worth a look?",255,C,5,ET,5,125
appointments@skindenver.co,Skin! Medical Aesthetics,Denver,CO,United States,http://www.skindenver.co/,(720) 902-9597,sunday calls,"124 reviews at 4.9, Sunday dark. Denver's an outdoor-weekend city, which means Sunday evening is genuinely when the week gets planned and the appointment gets made. An agent covers Sunday, quotes real prices, and books as pending. Worth exploring?",256,C,1,MT,4.9,124
info@katymedispa.com,Katy Medi Spa,Katy,TX,United States,https://katymedispa.com/,(832) 678-8199,weekend voicemail,"Both weekend days closed. Katy is a suburban family market where the aesthetics decision gets made at the weekend and acted on immediately. An agent covers those hours, quotes your real prices, and books as pending for Monday. Worth a look?",257,C,2,CT,4.9,124
hello@true-aesthetic.com,"TRUE Aesthetic Clinic Med Spa Oakbrook - Botox, Fillers, Facial Balancing",Plantation,FL,United States,http://www.true-aesthetic.com/,(630) 580-8566,sunday coverage,"123 reviews at 4.9, Sunday closed. South Florida books aesthetics on weekends — that's simply when the time exists. An agent covers Sunday, quotes real pricing, and books as pending so your team confirms. Worth exploring?",258,C,3,ET,4.9,123
hello@aelanaesthetics.com,Aelan Aesthetics,Plantation,FL,United States,http://www.aelanaesthetics.com/?utm_source=GBP,(224) 585-9974,three dark days,"Closed Friday, Monday and Sunday. That's a fragmented week, and fragmented weeks generate the most no-shows because patients lose track of which days you're open. An agent that knows your actual schedule covers all three, and reminders at 24 and 2 hours catch the bookings that drift. Worth a look?",259,C,4,ET,5,122
ta@upkeyaesthetics.com,Upkey Aesthetics LLC,Palo Alto,CA,United States,https://www.upkeyaesthetics.com/,(650) 412-6509,sunday calls,"A clean 5.0 across 120 reviews in Palo Alto, Sunday dark. Your client base works unpredictable hours by default — the call comes when it comes. An agent covers Sunday, quotes real prices, and books as pending. Worth exploring?",260,C,5,PT,5,120
hello@elixiraestheticsmedspa.com,Elixir Aesthetics,Tampa,FL,United States,https://www.elixiraestheticsmedspa.com/?utm_source=gbp&utm_medium=organic&utm_campaign=profile,(813) 219-1876,sunday voicemail,"119 reviews at a flat 5.0, Sunday closed. That rating means conversion is solved and the only remaining growth is reach. An agent covers Sunday, quotes your real prices, and books as pending. Worth a look?",261,C,1,ET,5,119
info@newportbeachdps.com,Newport Beach Dermatology and Plastic Surgery,Newport Beach,CA,United States,http://www.newportbeachdps.com/,(949) 706-7886,weekend consults,"Dermatology and plastic surgery on one line with both weekend days closed. The weekend caller pricing a procedure is the most valuable one you get and the least likely to leave a message. An agent covers those days and books as pending, never confirmed, so the surgical calendar stays under human control. Clinical questions route to a provider callback within two hours rather than getting an answer. Worth exploring?",262,C,2,PT,4.8,119
info@zensken.com,Zensken - Phoenix Med Spa & Aesthetic Injector Training,Phoenix,AZ,United States,https://www.zensken.com/,(623) 824-1727,sunday calls,"119 reviews at 5.0, Sunday dark. Phoenix summers push everything indoors and online — Sunday is a real booking day here. An agent covers Sunday, quotes real prices, and books as pending. Worth a look?",263,C,3,MT,5,119
info@alchemehealth.com,ALCHEME Medical Spa Del Mar,Rancho Santa Fe,CA,United States,https://www.medspa-delmar.alchemehealth.com/,(858) 299-4990,sunday coverage,"119 reviews at 4.9, Sunday closed. Del Mar is a weekend town by definition — Sunday is peak decision time for your client base. An agent covers it, quotes your real prices, and books as pending so your team confirms. Worth exploring?",264,C,4,PT,4.9,119
info@elevatemedandaesthetics.com,Elevate Med and Aesthetics,Plantation,FL,United States,https://www.elevatemedandaesthetics.com/,(954) 716-6220,three dark days,"Closed Monday, Saturday and Sunday. Three days a week unanswered, all landing together on Tuesday morning. An agent covers all three and books as pending, so Tuesday opens with a calendar rather than a voicemail queue. Worth a look?",265,C,5,ET,5,118
clientsupport@ambitionmedspa.com,Ambition Medical Spa,Burlingame,CA,United States,http://ambitionmedspa.com/,(650) 703-8394,front desk,"118 reviews at 4.9 on the Peninsula, where your clients call between meetings and won't call twice. An agent answers what the desk can't, quotes your real prices, and books as pending so a human confirms every slot. Worth exploring?",266,C,1,PT,4.9,118
info@shapeandskinmedical.com,SHAPE & SKIN Medical Spa & Weight Loss,Huntington Beach,CA,United States,https://www.shapeandskinmedical.com/,(714) 377-7546,weight loss leads,"Weight loss sits in your name, and those inquiries arrive in volume and mostly unqualified — while you're closed Monday, Sunday and Thursday. Six questions score and route them before they reach the calendar, with contraindication gates outside the scoring. Three dark days means most of them arrive unattended. Worth a look?",267,C,2,PT,4.9,115
frontdesk@trilogyspa.com,Trilogy Spa,Manhattan Beach,CA,United States,https://www.trilogyspa.com/,(310) 760-0044,review replies,"4.6 across 115 reviews in Manhattan Beach, where the surrounding spas sit higher. The gap is nearly always a few unanswered complaints setting the tone for everyone who reads next. Requests fire on a real treatment-completed event, replies come back drafted for approval, and nothing posts publicly without a person. Worth exploring?",268,C,3,PT,4.6,115
kelleyp@mplsskin.com,Minneapolis Anti-Aging & Skin Clinic,Minneapolis,MN,United States,https://mplsskin.com/,(763) 540-1837,sunday calls,"113 reviews at 4.7, Sunday closed. Minnesota winters mean aesthetics gets planned indoors on a Sunday afternoon more than anywhere else. An agent covers Sunday, quotes real prices, and books as pending so your team confirms. Worth a look?",269,C,4,CT,4.7,113
info@myterrawellness.com,Terra Aesthetics & Wellness,Walnut Creek,CA,United States,http://myterrawellness.com/,(925) 954-1614,sunday voicemail,"A flat 5.0 across 113 reviews, Sunday dark. Walnut Creek commuters have exactly one free window, and it's the day you're closed. An agent covers Sunday, quotes your real prices, and books as pending. Worth exploring?",270,C,5,PT,5,113
docjean@rejuvenationforher.com,"Jean Johnson, M.D.",Weston,FL,United States,https://www.rejuvenationforher.com/,(954) 445-6077,weekend calls,"Both weekend days closed, a flat 5.0 across 112 reviews. Patients book Dr. Johnson by name, which makes a weekend voicemail a patient who had already chosen you. An agent covers weekends, quotes real prices, and books as pending for you to confirm. Clinical questions never get an automated answer. Worth a look?",271,C,1,ET,5,112
contact@mydermpa.com,Chic Derm & Aesthetics,Allen,TX,United States,http://www.mydermpa.com/,(469) 466-2727,weekend coverage,"Both weekend days closed, 111 reviews at 4.9. Allen is a family suburb — weekends are when the conversation happens and the call gets made. An agent covers those hours, quotes your real prices, and books as pending. Worth exploring?",272,C,2,CT,4.9,111
info@medicusaesthetics.com,Medicus Aesthetics,Jupiter,FL,United States,https://www.medicusaesthetics.com/,(561) 624-0123,weekend voicemail,"111 reviews at 4.9, both weekend days dark. Jupiter's a referral market — every missed weekend call was already warm before it rang. An agent covers weekends, quotes real prices, and books as pending. Worth a look?",273,C,3,ET,4.9,111
info@vegavitality.com,Vega Vitality MedSpa & Wellness - Back Bay Boston,Boston,MA,United States,http://vegavitality.com/,(617) 658-3421,weekend calls,"Both weekend days closed, 110 reviews at 4.9. Boston's professional client base books almost entirely outside working hours, which leaves you the wrong window. An agent covers weekends, quotes your real prices, and books as pending. Worth exploring?",274,C,4,ET,4.9,110
info@tkobeautytech.com,TKO Beauty Tech - Spa,Roseville,CA,United States,https://tkobeautytech.com/,(916) 781-0167,weekend coverage,"Both weekend days closed, 108 reviews at 4.8. Sacramento suburbs run on weekend errands — the call happens then or not at all. An agent covers those hours, quotes real pricing, and books as pending. Worth a look?",275,C,5,PT,4.8,108
hello@elisianodermatology.com,Elisiano Dermatology & Aesthetics - South Boston,Boston,MA,United States,https://elisianodermatology.com/,(617) 615-6698,front desk triage,Dermatology alongside aesthetics on one line means a mole check and a filler consult get the same greeting with very different urgency — and both weekend days are closed. Cosmetic inquiries get qualified before they reach your desk. Anything clinical routes to a provider callback on a tracked two-hour clock rather than getting answered. Worth exploring?,276,C,1,ET,5,107
contact@evomedicalspa.com,EVO Medical Spa,Tampa,FL,United States,https://www.evomedicalspa.com/,(813) 425-5005,sunday calls,"107 reviews at a clean 5.0, Sunday dark. In Tampa the Sunday caller has several open alternatives before they'd bother leaving a message. An agent covers Sunday, quotes real prices, and books as pending. Worth a look?",277,C,2,ET,5,107
info@www.nakedskn.com,Naked SKN Aesthetics - Skincare & Wellness Spa,The Woodlands,TX,United States,http://www.nakedskn.com/?utm_source=google&utm_medium=organic&utm_campaign=gbp,(832) 888-9186,monday backlog,"Closed Monday, so the whole weekend's inbound arrives together on Tuesday morning. An agent covers Monday and books as pending, so Tuesday starts with a calendar. *Note: the address on file reads info@www.nakedskn.com — likely a data error worth correcting before sending, or it will bounce.* Worth exploring?",278,C,3,CT,5,107
info@mavenmedispa.com,Maven Medi Spa,Beverly Hills,CA,United States,https://mavenmedispa.com/?utm_source=google&utm_medium=organic&utm_campaign=gbp,(310) 601-8606,sunday voicemail,"106 reviews at 4.9 in Beverly Hills, Sunday closed. Client expectation here is that someone answers — a voicemail reads as a smaller operation than you are. An agent covers Sunday in your clinic's voice, quotes real prices, and books as pending. Worth a look?",279,C,4,PT,4.9,106
clientcare@veritasbackstage.com,Veritas Backstage Beauty & Plastic Surgery,Austin,TX,United States,https://veritasbackstage.com/,(512) 910-2070,two dark days,"Closed Sunday and Monday with plastic surgery on the same line as the beauty side. Two dark days means the highest-value callers of the week reach nobody. An agent covers both and books as pending, never confirmed, so the surgical calendar stays under human control. Clinical questions route to a provider callback. Worth exploring?",280,C,5,CT,4.8,106
theteam@alohaaestheticsfl.com,Aloha Aesthetics FL,Orlando,FL,United States,https://www.alohaaestheticsfl.com/,(407) 606-4003,three dark days,"Closed Monday, Saturday and Sunday. Three unanswered days a week in Orlando, all landing on Tuesday at once. An agent covers all three and books as pending, so Tuesday opens with a calendar. Worth a look?",281,C,1,ET,5,103
hello@curivamedspa.com,Curiva Med Spa,Los Angeles,CA,United States,https://www.curivamedspa.com/?utm_source=google&utm_medium=organic&utm_campaign=gmb,(424) 722-9250,weekend calls,"Both weekend days closed, 103 reviews at 4.9. In LA the weekend caller books with whoever answers — there's no shortage of alternatives. An agent covers weekends, quotes your real prices, and books as pending. Worth exploring?",282,C,2,PT,4.9,103
contact@onyxxwa.com,Onyxx Wellness and Aesthetics,Clearwater,FL,United States,https://www.onyxxwa.com/,(813) 505-7204,weekend coverage,"103 reviews at 4.9, both weekend days dark. Clearwater is a weekend market almost by definition. An agent covers those hours, quotes real prices, and books as pending so your team confirms. Worth a look?",283,C,3,ET,4.9,103
info@walnutcreekaesthetics.com,Walnut Creek Aesthetics,Walnut Creek,CA,United States,https://walnutcreekaesthetics.com/?utm_source=google&utm_medium=organic&utm_campaign=gbp,(925) 954-7512,sunday calls,"102 reviews at 4.9, Sunday closed. Your clients commute into the city all week — Sunday is the only unscheduled window they have. An agent covers Sunday, quotes your real prices, and books as pending. Worth exploring?",284,C,4,PT,4.9,102
hello@beverlyhillsbeauty.com,Beverly Hills Beauty & Aesthetics,Beverly Hills,CA,United States,http://www.beverlyhillsbeauty.com/,(310) 367-3024,front desk,"101 reviews at 4.9 in a market where the expectation is a person, not a machine — and ironically a voicemail delivers the machine while an agent delivers the person. An agent answers in your clinic's voice, quotes real prices, and books as pending. Worth a look?",285,C,5,PT,4.9,101
info@slmmedspa.com,SLM Medspa,Atlanta,GA,United States,https://www.slmmedspa.com/,(678) 820-1020,two dark days,"Closed Sunday and Monday, 101 reviews at 4.9. Two dark days means Tuesday opens underwater every single week. An agent covers both and books as pending, so your team confirms Tuesday rather than digging out. Worth exploring?",286,C,1,ET,4.9,101
info@dlmaesthetics.com,De Luz Medical Aesthetics,Temecula,CA,United States,https://dlmaesthetics.com/,(951) 694-3600,sunday coverage,"101 reviews at 4.7, Sunday closed. Temecula draws weekend visitors — Sunday inbound is real volume in a wine-country market. An agent covers Sunday, quotes real prices, and books as pending. Worth a look?",287,C,2,PT,4.7,101
support@injectablesbylisa.com,"Lisa Azevedo, RN, BSN Aluma Medical Aesthetic/ Injectables by Lisa RN",Rancho Santa Fe,CA,United States,https://www.injectablesbylisa.com/,(760) 300-3223,sunday voicemail,"A flat 5.0 across 101 reviews with the practice built around you personally. People call asking for Lisa — and mid-injection, Lisa can't answer. An agent picks up in your voice, quotes real prices, and books as pending for you to confirm between patients. Sunday's dark as well. Worth exploring?",288,C,3,PT,5,101
info@eyecandylaserandwellness.com,Eye Candy Laser & Wellness Houston,Katy,TX,United States,https://www.eyecandylaserandwellness.com/,(832) 400-4224,laser packages,"Laser work sells in courses and courses stall — session three of six, someone gets busy, and nobody follows up. It never reads as a cancellation. A daily job catches anyone mid-package past 45 days and works them over two touches. Closed Sunday and Monday, which is the other half. Worth a look?",289,C,4,CT,4.9,100
shumaila@hudaaesthetics.com,Huda Aesthetics,Allen,TX,United States,https://www.hudaaesthetics.com/,(408) 464-6816,midweek gap,"Closed Monday and Tuesday. Two consecutive dark days early in the week means everything from Friday onward waits until Wednesday. An agent covers both and books as pending, so Wednesday opens with a calendar rather than five days of voicemail. Worth exploring?",290,C,5,CT,5,100
berejuved@gmail.com,BeRejuved Medical Spa & Wellness Studio - NYC,New York,NY,United States,https://berejuvednyc.zoca.com/?utm_source=googlemaps&utm_medium=googlemaps&utm_campaign=googlemaps,(646) 992-2122,front desk,"671 reviews at 4.9 in New York. At that volume the phone is your bottleneck, not demand — and you hear none of the calls you miss. An agent answers what you can't, quotes your real prices, and books as pending so you confirm before anything's real. Worth a look?",291,C,1,ET,4.9,671
nefertitispa305@gmail.com,Nefertiti spa,Plantation,FL,United States,https://nefertitispaplantation.zoca.com/?utm_source=googlemaps&utm_medium=googlemaps&utm_campaign=googlemaps,(305) 282-4619,sunday calls,"A flat 5.0 across 605 reviews. That rating means everyone who reaches you books. Sunday's closed, so some never reach you. An agent covers Sunday and books as pending for you to confirm Monday. Worth a look?",292,C,2,ET,5,605
helloevolvingaesthetics@gmail.com,Evolving Aesthetics,Orlando,FL,United States,https://www.evolvingaesthetics.com/,(407) 784-4022,sunday voicemail,"589 reviews at 5.0, Sunday dark. Orlando's competitive enough that the Sunday caller just dials the next listing. An agent answers Sunday, quotes your real prices, and books as pending. Worth exploring?",293,C,3,ET,5,589
newunaturalbeauty@gmail.com,New U Natural Beauty,Las Vegas,NV,United States,http://www.newulasvegas.com/,(702) 257-6398,vegas hours,"521 reviews in a city with no fixed working day. A real share of your inbound arrives at hours nobody's staffing. An agent covers those, quotes your prices, and books as pending for morning confirmation. Worth a look?",294,C,4,PT,4.7,521
medspaatvillagio@gmail.com,MedSpa at Villagio,Katy,TX,United States,http://medspaatvillagio.com/,(281) 347-2566,sunday calls,"508 reviews at 4.9, Sunday closed. Katy's a family market — Sunday is when the decision actually gets made at home. An agent covers Sunday and books as pending for you to confirm. Worth exploring?",295,C,5,CT,4.9,508
thelookmedspa@gmail.com,The Look Med Spa,Las Vegas,NV,United States,http://thelookmedspalv.com/,(702) 246-2238,weekend calls,"Both weekend days closed in Vegas, where weekends are the busiest hours of the week for almost everyone else. An agent covers them, quotes your prices, and books as pending. Worth a look?",296,C,1,PT,4.9,486
flolangenp@gmail.com,Lola Aesthetics & Medi Spa,Ridgewood,NJ,United States,https://www.lolaaestheticsmedispa.com/,(347) 228-2309,booked by name,"A flat 5.0 across 468 reviews, and patients are calling asking for you specifically. Every call that lands mid-treatment is someone who had already chosen you. An agent picks up in your voice, quotes your prices, and books as pending for you to confirm between patients. Worth exploring?",297,C,2,ET,5,468
rejuvcryo@gmail.com,REJUV Aesthetics & Wellness,Encinitas,CA,United States,https://www.rejuvcryo.com/,(760) 230-6499,front desk,"461 reviews at 4.9. At that volume you're fielding more calls than one person books cleanly, and the overflow is invisible. An agent answers what you can't and books as pending for you to confirm. Worth a look?",298,C,3,PT,4.9,461
chiclavielasvegas@gmail.com,Chic la Vie,Las Vegas,NV,United States,https://chiclavie.com/,(702) 233-8535,weekend voicemail,"436 reviews, both weekend days dark. In Vegas that's the highest-volume window of the week going unanswered. An agent covers weekends and books as pending. Worth exploring?",299,C,4,PT,4.8,436
mailtoskinmedicalsd@gmail.com,Skin Medical Spa in San Diego | Skin Tightening | Cryo Fat Freezing | Lipo Cavitation,San Diego,CA,United States,https://skinmedicalsd.com/,(858) 203-3422,front desk,"425 reviews at 4.9. San Diego's aesthetics market is dense — the practice that answers takes the booking, regardless of who's better. An agent picks up, quotes your prices, and books as pending. Worth a look?",300,C,5,PT,4.9,425
