row,tier,tier_reason,business_name,display_name,city,state,email,website,phone,rating,review_count,closed_days,open_days_count,signal_used,subject,first_line,spam_flags
7,B,"free provider, real but likely personal",Aesthetic Center at Woodholme,Aesthetic Center at Woodholme,Baltimore,MD,emilebrownmd@gmail.com,https://www.acwplasticsurgery.com/,(410) 486-3400,4.8,131,Saturday;Sunday,5,full_weekend_closed,weekend calls,"Weekends show closed on your Google profile, Saturday and Sunday.",
11,B,"free provider, real but likely personal",Aesthetica Med Spa of San Diego,Aesthetica Med Spa of San Diego,San Diego,CA,aestheticamedspasd@gmail.com,https://www.aestheticamedspasd.com/,(619) 204-5843,4.9,141,Sunday,6,sunday_closed,sunday calls,Your Google hours show Sundays closed in San Diego.,
19,B,"free provider, real but likely personal",Angel Aesthetics Med Spa,Angel Aesthetics,Orlando,FL,angelaestheticsmedspa@gmail.com,http://www.aamedspas.com/,(407) 405-6074,5.0,217,Monday;Sunday,5,weekend_gap_high_demand,sunday calls,"5.0 across 217 reviews, and the calendar still shows Sunday dark.",
23,B,"free provider, real but likely personal",Atlanta MediSpa & Surgery Center,Atlanta MediSpa & Surgery Center,Atlanta,GA,info.djatkinsmd@gmail.com,http://www.atlantamedispa.com/,(678) 213-2220,4.8,167,Sunday,6,weekend_gap_high_demand,sunday calls,"167 Google reviews at 4.8 says the demand around Atlanta is already there, and the listing has you closed Sundays.",
29,B,"free provider, real but likely personal",BEAUTY AND GLAMOUR MED SPA PLLC,Beauty And Glamour Med Spa,Detroit,MI,beautyandglamourmedspa@gmail.com,http://www.beautyandglamourmedspa.com/,(248) 592-7385,5.0,311,Monday;Sunday,5,weekend_gap_high_demand,sunday calls,"311 Google reviews at 5.0 says the demand around Detroit is already there, and the listing has you closed Sundays.",
34,B,"free provider, real but likely personal",BeRejuved Medical Spa & Wellness Studio - NYC,BeRejuved Medical Spa & Wellness Studio,New York,NY,berejuved@gmail.com,https://berejuvednyc.zoca.com/?utm_source=googlemaps&utm_medium=googlemaps&utm_campaign=googlemaps,(646) 992-2122,4.9,671,,7,high_volume_phone_load,front desk,671 reviews is real volume for a single location.,
51,B,"free provider, real but likely personal",Chic la Vie,Chic la Vie,Las Vegas,NV,chiclavielasvegas@gmail.com,https://chiclavie.com/,(702) 233-8535,4.8,436,Saturday;Sunday,5,weekend_gap_high_demand,sunday calls,"Your listing shows Sundays closed, which is the same window most of those 436 reviewers are scrolling.",
57,B,"free provider, real but likely personal",Concierge Cosmetics & Aesthetics,Concierge Cosmetics & Aesthetics,Jacksonville,FL,conciergecosmeticsjax@gmail.com,https://conciergecosmeticsandaesthetics.com/,(904) 402-4255,4.9,177,Sunday,6,weekend_gap_high_demand,sunday calls,"Your listing shows Sundays closed, which is the same window most of those 177 reviewers are scrolling.",
59,B,"free provider, real but likely personal","Cosmetiq Med Spa - Portland Botox, Filler & Laser",Cosmetiq,Portland,OR,cosmetiqmedicine@gmail.com,https://cosmetiqmedicine.com/,(503) 572-2675,4.8,376,Monday;Sunday,5,weekend_gap_high_demand,sunday calls,"376 Google reviews at 4.8 says the demand around Portland is already there, and the listing has you closed Sundays.",
71,B,"free provider, real but likely personal",ELin Medical office,ELin Medical office,Beverly Hills,CA,elinmedicalspa@gmail.com,https://elinmedicalspa.com/,(424) 253-4516,4.7,153,,7,rating_floor,front desk,4.7 on Google in Beverly Hills is a hard number to hold.,
79,B,"free provider, real but likely personal",Evolving Aesthetics,Evolving Aesthetics,Orlando,FL,helloevolvingaesthetics@gmail.com,https://www.evolvingaesthetics.com/,(407) 784-4022,5.0,589,Sunday,6,weekend_gap_high_demand,sunday calls,"5.0 across 589 reviews, and the calendar still shows Sunday dark.",
84,B,"free provider, real but likely personal",Glo Med Spa Austin,Glo Med Spa Austin,Austin,TX,info.glomedspaaustin@gmail.com,https://www.glomedspaaustin.com/?utm_source=google&utm_medium=organic&utm_campaign=gbp,(512) 336-7546,4.6,121,Saturday;Sunday,5,full_weekend_closed,weekend calls,The listing has Glo Med Spa Austin dark both weekend days.,
89,B,"free provider, real but likely personal",glowU Med Spa,glowU,Boca Raton,FL,glowumedspa@gmail.com,https://glowumedspa.com/?utm_source=google-gbp&utm_medium=organic&utm_campaign=profile-website,(561) 896-1156,4.9,100,Monday;Sunday,5,sunday_closed,sunday calls,Your Google hours show Sundays closed in Boca Raton.,
126,B,"free provider, real but likely personal",Medical Cosmetic Liposuction Washington,Cosmetic Liposuction Washington,Washington,DC,mcelaser@gmail.com,http://www.medicalcosmetic.org/,(202) 621-8675,4.5,239,Saturday;Sunday,5,weekend_gap_high_demand,sunday calls,"Your listing shows Sundays closed, which is the same window most of those 239 reviewers are scrolling.",
150,B,"free provider, real but likely personal",New U Natural Beauty,New U Natural Beauty,Las Vegas,NV,newunaturalbeauty@gmail.com,http://www.newulasvegas.com/,(702) 257-6398,4.7,521,Sunday,6,weekend_gap_high_demand,sunday calls,"Your listing shows Sundays closed, which is the same window most of those 521 reviewers are scrolling.",
156,B,"free provider, real but likely personal",Nucell Skin Medspa,Nucell Skin,San Jose,CA,nucellskinsolution@yahoo.com,https://nucellskinmedicalspa.com/,(408) 303-0168,4.8,266,Wednesday,6,service_breadth,pricing questions,Running skin care alongside hair removal means a lot of different pricing questions.,
165,B,"free provider, real but likely personal",Premier Medical Spa,Premier,Jacksonville,FL,premiermedicalspa@yahoo.com,https://premiermedicalspa.com/,(904) 955-0605,4.5,120,,0,rating_floor,front desk,Holding 4.5 stars says the chair-side work is dialed in.,
185,B,"free provider, real but likely personal",SAFI MIRAN Las Vegas Laser & Rejuvenation Center,SAFI MIRAN Las Vegas Laser & Rejuvenation Center,Las Vegas,NV,20safimiranbeauty@gmail.com,http://safimiran.com/,(702) 347-0103,4.9,138,Saturday;Sunday,5,full_weekend_closed,weekend calls,"Saturday and Sunday both read closed on your listing, which is when a lot of aesthetic searches happen.",
189,B,"free provider, real but likely personal","Sani Aesthetics Medical Spa San Jose - Omeed Sani, MD",Sani Aesthetics Medical Spa San Jose,San Jose,CA,drsaniaesthetics@gmail.com,https://saniaesthetics.com//?utm_source=google&utm_medium=organic&utm_campaign=GMB,(408) 884-8890,4.8,167,Saturday;Sunday,5,weekend_gap_high_demand,sunday calls,"Your listing shows Sundays closed, which is the same window most of those 167 reviewers are scrolling.",
196,B,"free provider, real but likely personal",Shiny Laser Skin Clinic,Shiny Laser Skin Clinic,Salt Lake City,UT,shinylaserclinic@gmail.com,https://shinylaserclinic.com/,(213) 382-5888,4.8,365,Sunday,6,weekend_gap_high_demand,sunday calls,"4.8 across 365 reviews, and the calendar still shows Sunday dark.",
224,B,"free provider, real but likely personal",The Look Med Spa,The Look Med Spa,Las Vegas,NV,thelookmedspa@gmail.com,http://thelookmedspalv.com/,(702) 246-2238,4.9,486,Saturday;Sunday,5,weekend_gap_high_demand,sunday calls,"486 Google reviews at 4.9 says the demand around Las Vegas is already there, and the listing has you closed Sundays.",
261,B,"free provider, real but likely personal",Dallas Aesthetic Studio,Dallas Aesthetic Studio,Dallas,TX,aestheticstudio.dtx@gmail.com,https://dallasaestheticstudio.glossgenius.com/,(469) 442-9792,5.0,124,Monday;Tuesday;Wednesday,4,monday_closed,monday backlog,"Your listing shows Monday dark, which stacks the weekend callbacks.",
269,B,"free provider, real but likely personal",Glo Medspa,Glo,Scottsdale,AZ,glomedspa1@gmail.com,http://www.glomedspas.com/,(480) 245-6881,4.8,88,Tuesday;Saturday;Sunday,4,full_weekend_closed,weekend calls,"Saturday and Sunday both read closed on your listing, which is when a lot of aesthetic searches happen.",
272,B,"free provider, real but likely personal",Hollywood Wellness Med Spa,Hollywood Wellness,Las Vegas,NV,hollywoodmedspa2023@gmail.com,https://www.hwmspa.com/,(702) 762-8923,4.8,54,Sunday,6,sunday_closed,sunday calls,Your Google hours show Sundays closed in Las Vegas.,
276,B,"free provider, real but likely personal",Kanebo Skincare,Kanebo Skincare,San Jose,CA,kanebo99@gmail.com,https://kaneboskincaresanjose.com/,(408) 238-2222,4.9,58,Sunday,6,sunday_closed,sunday calls,"Sunday reads closed on the listing, which tends to be a heavy browsing day for injectables.",
278,B,"free provider, real but likely personal",Liquid Beauty Clinic,Liquid Beauty Clinic,Boca Raton,FL,liquidbeautyclinic@gmail.com,https://liquidbeautyclinic.com/,(561) 955-0525,5.0,113,Monday;Saturday;Sunday,4,full_weekend_closed,weekend calls,"Saturday and Sunday both read closed on your listing, which is when a lot of aesthetic searches happen.",
290,B,"free provider, real but likely personal",Omorfia Medical Spa,Omorfia,Detroit,MI,omorfiamedicalspa@gmail.com,https://omorfiamedicalspa.com/,(313) 888-8104,5.0,208,Sunday,6,weekend_gap_high_demand,sunday calls,"208 Google reviews at 5.0 says the demand around Detroit is already there, and the listing has you closed Sundays.",
292,B,"free provider, real but likely personal",Prestige Med Spa and Wellness Center,Prestige Med Spa and Wellness Center,Charlotte,NC,prestiegemedspacharlotte@gmail.com,https://prestigemedicalspacharlotte.com/,(980) 237-4630,4.7,91,Sunday,6,sunday_closed,sunday calls,Noticed Sundays are dark on your listing.,
294,B,"free provider, real but likely personal",Prime MedSpa PDX,Prime MedSpa PDX,Portland,OR,infoprimemedspa@gmail.com,https://primemedspapdx.com/,(971) 777-0303,4.9,261,Sunday,6,weekend_gap_high_demand,sunday calls,"Your listing shows Sundays closed, which is the same window most of those 261 reviewers are scrolling.",
299,B,"free provider, real but likely personal",Renew You Palm Beach,Renew You Palm Beach,West Palm Beach,FL,renewyoupalmbeach@gmail.com,https://www.renewyoupalmbeach.com/,(561) 247-7991,5.0,138,Friday;Saturday;Sunday,4,full_weekend_closed,weekend calls,"Saturday and Sunday both read closed on your listing, which is when a lot of aesthetic searches happen.",
302,B,"free provider, real but likely personal",Skin Medical Spa in San Diego | Skin Tightening | Cryo Fat Freezing | Lipo Cavitation,Skin Medical Spa in San Diego | Skin Tightening | Cryo Fat Freezing | Lipo Cavitation,San Diego,CA,mailtoskinmedicalsd@gmail.com,https://skinmedicalsd.com/,(858) 203-3422,4.9,425,,7,high_volume_phone_load,front desk,425 reviews at 4.9 is a lot of traffic running through one front desk.,
322,B,"free provider, real but likely personal",Timeless Beauty Aesthetics,Timeless Beauty Aesthetics,Fort Lauderdale,FL,michellebotoxqueen@gmail.com,https://www.timelessbeautyaesthetics.com/,(954) 763-2998,4.9,165,Sunday,6,weekend_gap_high_demand,sunday calls,"4.9 across 165 reviews, and the calendar still shows Sunday dark.",
334,B,"free provider, real but likely personal",ZK Aesthetics Medspa Sacramento,ZK Aesthetics Medspa Sacramento,Sacramento,CA,zkaesthetics21@gmail.com,https://www.zkaestheticspa.com/,(888) 870-8898,4.9,53,,7,rating_floor,front desk,4.9 on Google puts you above most of the field.,
355,B,"free provider, real but likely personal",Fresh Complexion,Fresh Complexion,Washington,DC,freshcomplexion@gmail.com,https://www.myfreshcomplexion.com/,(716) 458-0064,5.0,67,Sunday,6,sunday_closed,sunday calls,Noticed Sundays are dark on your listing.,
360,B,"free provider, real but likely personal",Jon 'Ric Medical Spa and Wellness Center,Jon 'Ric Medical Spa and Wellness Center,Charlotte,NC,jonricmedspa@gmail.com,https://jonriccharlottemedicalspa.com/,(704) 665-0058,5.0,98,Monday;Sunday,5,sunday_closed,sunday calls,"Sunday reads closed on the listing, which tends to be a heavy browsing day for injectables.",
377,B,"free provider, real but likely personal",Orlando Beauty Studio - SPA & Face Treatments,Orlando Beauty Studio,Orlando,FL,beautystudioorlando@gmail.com,https://orlando-beauty-studio.com/,(407) 929-5675,5.0,48,,7,rating_floor,front desk,5.0 on Google in Orlando is a hard number to hold.,
379,B,"free provider, real but likely personal",Ozraya Beverly Hills Aesthetics,Ozraya Beverly Hills Aesthetics,Beverly Hills,CA,ozrayabeverlyhillsinfo@gmail.com,http://www.jpbhsc.com/,(949) 514-8722,4.9,55,Sunday,6,sunday_closed,sunday calls,Noticed Sundays are dark on your listing.,
385,B,"free provider, real but likely personal",RENEW Med Spa Plus,RENEW Med Spa Plus,Minneapolis,MN,renewmedspaplus@gmail.com,https://www.renewmedspaplus.com/,(612) 930-8462,5.0,88,Sunday,6,sunday_closed,sunday calls,Noticed Sundays are dark on your listing.,
399,B,"free provider, real but likely personal",skinovation clinic,skinovation clinic,Newport Beach,CA,clinicskinovation@gmail.com,https://skinovationclinic.com/,(949) 377-3000,5.0,65,Saturday;Sunday,5,full_weekend_closed,weekend calls,The listing has skinovation clinic dark both weekend days.,
406,B,"free provider, real but likely personal",The Garage Medspa,The Garage Medspa,San Antonio,TX,thegaragemedspa1@gmail.com,https://www.garagemedspa.com/,(830) 388-6464,5.0,39,Saturday;Sunday,5,full_weekend_closed,weekend calls,"Weekends show closed on your Google profile, Saturday and Sunday.",
408,B,"free provider, real but likely personal",The Luxen Collective,The Luxen Collective,Minneapolis,MN,theluxencollective@gmail.com,https://www.theluxencollective.com/,(612) 434-3077,5.0,74,Sunday,6,sunday_closed,sunday calls,"Sunday reads closed on the listing, which tends to be a heavy browsing day for injectables.",
410,B,"free provider, real but likely personal",The Med Spa,The Med Spa,Las Vegas,NV,themedspalasvegas@gmail.com,http://www.themedspalasvegas.com/,(702) 755-7947,4.8,84,,7,rating_floor,front desk,4.8 on Google in Las Vegas is a hard number to hold.,
432,B,"free provider, real but likely personal",Atelier Aesthetics By Ash,Atelier Aesthetics By Ash,Raleigh,NC,atelieraestheticsbyash@gmail.com,https://atelieraestheticsbyash.glossgenius.com/,(919) 307-7723,5.0,20,Monday;Tuesday;Wednesday,4,monday_closed,monday backlog,"Your listing shows Monday dark, which stacks the weekend callbacks.",
436,B,"free provider, real but likely personal",Better You Medical Day Spa LLC,Better You Medical Day Spa,Nashville,TN,betterforyou.hrt@gmail.com,https://betteryouhrt.com/,(629) 202-8864,5.0,6,Monday;Saturday;Sunday,4,full_weekend_closed,weekend calls,"Weekends show closed on your Google profile, Saturday and Sunday.",
443,B,"free provider, real but likely personal",Cosmetic clinic,Cosmetic clinic,Washington,DC,cosmeticclinictj@gmail.com,http://cosmeticclinic.pro/,+52 664 780 5001,4.4,26,Sunday,6,sunday_closed,sunday calls,Your Google hours show Sundays closed in Washington.,
455,B,"free provider, real but likely personal",Korean Skin Theory,Korean Skin Theory,San Jose,CA,koreanskintheory@gmail.com,http://www.koreanskintheory.com/,(408) 415-0238,5.0,19,,7,rating_floor,front desk,5.0 on Google in San Jose is a hard number to hold.,
456,B,"free provider, real but likely personal",LM SkinLuxe Aesthetic Clinic,LM SkinLuxe Aesthetic Clinic,Houston,TX,lmhs02981@gmail.com,https://lmskinluxe.com/,(832) 593-9839,5.0,13,Sunday,6,sunday_closed,sunday calls,"Sunday reads closed on the listing, which tends to be a heavy browsing day for injectables.",
466,B,"free provider, real but likely personal",NV Medspa Honolulu,NV Medspa Honolulu,Honolulu,HI,nvmedspahonolulu@gmail.com,https://thenvmedspa.com/,(808) 439-5111,5.0,20,,7,rating_floor,front desk,5.0 on Google puts you above most of the field.,
469,B,"free provider, real but likely personal",Phoenix MedSpa,Phoenix,Phoenix,AZ,phxmedspa@gmail.com,https://phxmedspa.com/,(480) 326-7477,4.8,41,Monday;Tuesday;Sunday,4,sunday_closed,sunday calls,Noticed Sundays are dark on your listing.,
471,B,"free provider, real but likely personal",RadiantilyK Aesthetic,RadiantilyK Aesthetic,San Jose,CA,radiantilyk@gmail.com,https://radiantilykaesthetics.com/san-jose-medical-spa/,(408) 900-2674,5.0,43,Monday;Tuesday;Thursday,4,monday_closed,monday backlog,"Your listing shows Monday dark, which stacks the weekend callbacks.",
473,B,"free provider, real but likely personal",Rejuvenate Medical Spa,Rejuvenate,Salt Lake City,UT,rejuvenateutah@gmail.com,http://www.rejuvenateutah.com/,(801) 272-4178,5.0,12,Sunday,6,sunday_closed,sunday calls,Your Google hours show Sundays closed in Salt Lake City.,
474,B,"free provider, real but likely personal",Renew Medical Spa,Renew,Las Vegas,NV,renewmedicalspalv@gmail.com,https://www.renewmedicalspalv.com/,(702) 830-6571,4.9,39,Saturday;Sunday,5,full_weekend_closed,weekend calls,The listing has Renew dark both weekend days.,
475,B,"free provider, real but likely personal",Revita Luxe - Jacksonville,Revita Luxe,Jacksonville,FL,revitaluxemedspa@gmail.com,https://revitaluxemedspa.com/,(904) 414-3527,5.0,32,,0,rating_floor,front desk,5.0 on Google puts you above most of the field.,
477,B,"free provider, real but likely personal",Sacramento Medical Spa,Sacramento,Sacramento,CA,sacmedspa@yahoo.com,https://www.sacramentomedicalspa.com/,(925) 786-8799,5.0,9,Monday;Sunday,5,sunday_closed,sunday calls,"Sunday reads closed on the listing, which tends to be a heavy browsing day for injectables.",
482,B,"free provider, real but likely personal",Skin Story Med Spa,Skin Story,Los Angeles,CA,skinstorymedspa@gmail.com,http://www.skinstorymedspa.com/,(323) 577-2311,5.0,39,Sunday,6,sunday_closed,sunday calls,Your Google hours show Sundays closed in Los Angeles.,
494,B,"free provider, real but likely personal",Umoya Wellness Spa,Umoya Wellness Spa,Salt Lake City,UT,umoyahelp@gmail.com,http://myumoyaspa.com/,(385) 282-9074,5.0,1,Monday;Sunday,5,sunday_closed,sunday calls,Your Google hours show Sundays closed in Salt Lake City.,
495,B,"free provider, real but likely personal",United Nurses Medi Spa,United Nurses,Columbus,OH,nursekellyk@gmail.com,https://www.nursekellyk.com/,(614) 273-4300,4.6,9,Sunday,6,sunday_closed,sunday calls,"Sunday reads closed on the listing, which tends to be a heavy browsing day for injectables.",
499,B,"free provider, real but likely personal",ABC Aesthetics,ABC Aesthetics,Baltimore,MD,aestheticianallyson@gmail.com,https://abcaesthetics.glossgenius.com/,,5.0,4,Monday;Sunday,5,sunday_closed,sunday calls,Noticed Sundays are dark on your listing.,
502,B,"free provider, real but likely personal",LA SoHo Med Spa,LA SoHo,Washington,DC,kp.clientny@gmail.com,http://la.koreaportal.com/yp/16655-LA-%EC%86%8C%ED%98%B8%EB%A9%94%EB%94%94%EC%8A%A4%ED%8C%8C--%EC%97%98%EC%97%90%EC%9D%B4-OC-%EB%B6%80%EC%97%90%EB%82%98%ED%8C%8D-%EB%A0%88%EC%9D%B4%EC%A0%80-%ED%81%B4%EB%A6%AC%EB%8B%89-%EC%84%BC%ED%84%B0-%EC%8A%A4%ED%82%A8%EC%BC%80%EC%96%B4-%EB%B3%B4%ED%86%A1%EC%8A%A4,(213) 368-0909,3.2,18,Tuesday;Thursday;Sunday,4,sunday_closed,sunday calls,Noticed Sundays are dark on your listing.,
503,B,"free provider, real but likely personal",HydroSkin Aesthetic,HydroSkin Aesthetic,Seattle,WA,hydroskinaesthetic@gmail.com,https://book.squareup.com/appointments/ujm7ebllgvm66l/location/L6F1SB0SC1QWZ/services,(425) 435-6525,5.0,10,,7,rating_floor,front desk,5.0 on Google in Seattle is a hard number to hold.,
507,B,"free provider, real but likely personal",Advanced Aesthetics Medi Spa,Advanced Aesthetics,Summit,NJ,advancedaestheticslana@gmail.com,http://advancedaestheticsmedispa.com/,(413) 333-4780,4.7,82,Sunday,6,sunday_closed,sunday calls,"Sunday reads closed on the listing, which tends to be a heavy browsing day for injectables.",
511,B,"free provider, real but likely personal",Aesthetic Element,Aesthetic Element,Weston,FL,enhancedaestheticscenter@gmail.com,https://aestheticelement.com/,(954) 303-9700,4.9,644,Saturday;Sunday,5,weekend_gap_high_demand,sunday calls,"4.9 across 644 reviews, and the calendar still shows Sunday dark.",
525,B,"free provider, real but likely personal",Aromas Medspa at Weston,Aromas Medspa at Weston,Weston,FL,aromas@me.com,https://aromaslaser.com/?utm_source=google&utm_medium=organic&utm_campaign=gbp,(954) 349-3001,4.8,183,Sunday,6,weekend_gap_high_demand,sunday calls,"Your listing shows Sundays closed, which is the same window most of those 183 reviewers are scrolling.",
528,B,"free provider, real but likely personal",Aventura Aesthetics Spa,Aventura Aesthetics Spa,Aventura,FL,aventuraesthetics@gmail.com,http://aventuraesthetics.square.site/,(305) 454-0449,4.9,99,Sunday,6,sunday_closed,sunday calls,"Sunday reads closed on the listing, which tends to be a heavy browsing day for injectables.",
544,B,"free provider, real but likely personal",BEYOND AESTHETICS,Beyond Aesthetics,Westport,CT,beyondaestheticswestport@gmail.com,http://www.beyondaestheticswestport.com/,(774) 518-2362,5.0,112,Sunday,6,sunday_closed,sunday calls,Noticed Sundays are dark on your listing.,
554,B,"free provider, real but likely personal",Ciel Eau Day Spa,Ciel Eau Day Spa,New Canaan,CT,cieleaullc@gmail.com,http://www.ciel-eau.com/,(203) 920-1901,4.8,59,Monday;Sunday,5,sunday_closed,sunday calls,Your Google hours show Sundays closed.,
568,B,"free provider, real but likely personal",Fari Skincare & Laser,Fari Skincare & Laser,Sugar Land,TX,fariskincareandlaaer@gmail.com,https://fariskincare.zoca.com/?utm_source=googlemaps&utm_medium=googlemaps&utm_campaign=googlemaps,(832) 610-7865,4.8,55,Monday;Sunday,5,sunday_closed,sunday calls,Noticed Sundays are dark on your listing.,
572,B,"free provider, real but likely personal",iHydrate Wellness & Aesthetics,iHydrate Wellness & Aesthetics,Darien,CT,info.ihydrate@gmail.com,https://www.ihydratemedspa.com/,(224) 877-6186,4.9,100,Tuesday;Sunday,5,sunday_closed,sunday calls,Your Google hours show Sundays closed in Darien.,
575,B,"free provider, real but likely personal",JC Signature Aesthetics,JC Signature Aesthetics,Summit,NJ,jcsignatureaesthetics@gmail.com,http://www.jcsignatureaesthetics.com/,(908) 290-5066,5.0,160,,7,service_breadth,pricing questions,"skin care, laser hair removal and tattoo removal under one roof is a wide menu for one phone line.",
586,B,"free provider, real but likely personal",Medical & Beauty Care Clinic,Beauty Care Clinic,Ridgewood,NJ,rutajkhan@gmail.com,https://medicalbeautycareoakbrook.zoca.com/?utm_source=googlemaps&utm_medium=googlemaps&utm_campaign=googlemaps,(224) 407-2140,4.9,218,Tuesday;Sunday,5,weekend_gap_high_demand,sunday calls,"4.9 across 218 reviews, and the calendar still shows Sunday dark.",
590,B,"free provider, real but likely personal",MedSpa at Villagio,MedSpa at Villagio,Katy,TX,medspaatvillagio@gmail.com,http://medspaatvillagio.com/,(281) 347-2566,4.9,508,Sunday,6,weekend_gap_high_demand,sunday calls,"508 Google reviews at 4.9 says the demand around Katy is already there, and the listing has you closed Sundays.",
598,B,"free provider, real but likely personal",Nefertiti spa,Nefertiti spa,Plantation,FL,nefertitispa305@gmail.com,https://nefertitispaplantation.zoca.com/?utm_source=googlemaps&utm_medium=googlemaps&utm_campaign=googlemaps,(305) 282-4619,5.0,605,Sunday,6,weekend_gap_high_demand,sunday calls,"5.0 across 605 reviews, and the calendar still shows Sunday dark.",
604,B,"free provider, real but likely personal",North Texas Plastic Surgery Med-Spa,North Texas Plastic Surgery Med-Spa,Southlake,TX,obaidplasticsurgery@gmail.com,https://www.northtexasplasticsurgery.com/southlake-plastic-surgery/med-spa/?utm_source=GBP&utm_medium=GBP&utm_campaign=GBP_Southlake&utm_id=GBP_Southlake,(817) 660-7637,5.0,123,,7,rating_floor,front desk,5.0 on Google in Southlake is a hard number to hold.,
605,B,"free provider, real but likely personal",Nova Headspa & Medspa,Nova Headspa,McKinney,TX,novamedicaltx@gmail.com,http://www.novamedspa.net/,(469) 688-8606,5.0,235,Monday,6,monday_closed,monday backlog,"Mondays read closed on your listing, so weekend voicemails land Tuesday.",
612,B,"free provider, real but likely personal",Paradise Laser Delray,Paradise Laser Delray,Delray Beach,FL,paradiselaserteam@gmail.com,http://www.paradiselaserdelray.com/,(561) 815-4074,5.0,139,Monday;Tuesday;Sunday,4,sunday_closed,sunday calls,"Sunday reads closed on the listing, which tends to be a heavy browsing day for injectables.",
616,B,"free provider, real but likely personal",Princeton Medi Spa - Laser Center,Princeton,Princeton,NJ,princetonmedispa@gmail.com,https://www.princetonmedispa.com/,(609) 477-0700,4.5,65,Saturday;Sunday,5,full_weekend_closed,weekend calls,"Weekends show closed on your Google profile, Saturday and Sunday.",
622,B,"free provider, real but likely personal",REJUV Aesthetics & Wellness,REJUV Aesthetics & Wellness,Encinitas,CA,rejuvcryo@gmail.com,https://www.rejuvcryo.com/,(760) 230-6499,4.9,461,,7,high_volume_phone_load,front desk,461 reviews is real volume for a single location.,
625,B,"free provider, real but likely personal",Renova Med Spa Temecula,Renova Med Spa Temecula,Temecula,CA,renovaspaie@gmail.com,https://www.renovaspatemecula.com/,(951) 296-6333,4.8,102,Sunday,6,sunday_closed,sunday calls,Noticed Sundays are dark on your listing.,
635,B,"free provider, real but likely personal",Skin So Sweet Medspa,Skin So Sweet,Huntington Beach,CA,skinsosweethb@gmail.com,https://www.skinsosweetmedspa.com/,(714) 203-3527,4.6,293,Saturday,6,rating_floor,front desk,4.6 on Google in Huntington Beach is a hard number to hold.,
643,B,"free provider, real but likely personal",SkyBalance MedSpa,SkyBalance,Weston,FL,skybalancemedspa@gmail.com,https://www.skybalancemedspa.com/?utm_source=google&utm_medium=organic&utm_campaign=gmb,(847) 895-8180,4.8,230,Sunday,6,weekend_gap_high_demand,sunday calls,"4.8 across 230 reviews, and the calendar still shows Sunday dark.",
652,B,"free provider, real but likely personal",Sugar Land Medical Spa,Sugar Land,Sugar Land,TX,kimberlyevansmd@hotmail.com,https://sugarlandmedspa.com/?utm_source=google&utm_medium=organic&utm_campaign=google_business_profile,(281) 277-7721,4.8,415,Sunday,6,weekend_gap_high_demand,sunday calls,"4.8 across 415 reviews, and the calendar still shows Sunday dark.",
660,B,"free provider, real but likely personal",The Sculpt Spa,The Sculpt Spa,Sugar Land,TX,thesculptspa@gmail.com,https://thesculptspa.zoca.com/?utm_source=googlemaps&utm_medium=googlemapsprofile&utm_campaign=googlemaps,(847) 466-5013,4.7,106,Saturday;Sunday,5,full_weekend_closed,weekend calls,The listing has The Sculpt Spa dark both weekend days.,
663,B,"free provider, real but likely personal",The Skin Rejuvenation and Wellness,The Skin Rejuvenation and Wellness,Huntington Beach,CA,theskinoc@gmail.com,https://www.theskinoc.com/,(949) 464-8772,5.0,68,Sunday,6,sunday_closed,sunday calls,"Sunday reads closed on the listing, which tends to be a heavy browsing day for injectables.",
699,B,"free provider, real but likely personal",Araya Rebirth Spa,Araya Rebirth Spa,Ridgewood,NJ,arayarebirthstudio@gmail.com,http://arayarebirth.com/,(201) 445-7005,4.9,109,Monday,6,monday_closed,monday backlog,"Your listing shows Monday dark, which stacks the weekend callbacks.",
701,B,"free provider, real but likely personal",Astra Aesthetic Center,Astra Aesthetic Center,Redondo Beach,CA,astraaestheticcenter@gmail.com,https://astraaesthetic.com/,(310) 504-0822,4.6,148,Saturday,6,rating_floor,front desk,4.6 on Google in Redondo Beach is a hard number to hold.,
710,B,"free provider, real but likely personal",Blush & Glow Aesthetics,Blush & Glow Aesthetics,Temecula,CA,blushandglowtemecula@outlook.com,http://blushandglowtemecula.com/,(951) 440-5294,5.0,143,Monday,6,monday_closed,monday backlog,"Mondays read closed on your listing, so weekend voicemails land Tuesday.",
711,B,"free provider, real but likely personal",Bodyvine Aesthetics,Bodyvine Aesthetics,Roseville,CA,bodyvineaesthetics@gmail.com,https://bodyvineaesthetics.com/?utm_source=google&utm_medium=organic&utm_campaign=gbp-website,(916) 742-5626,4.9,322,Saturday;Sunday,5,weekend_gap_high_demand,sunday calls,"Your listing shows Sundays closed, which is the same window most of those 322 reviewers are scrolling.",
723,B,"free provider, real but likely personal",Embodee'd - Milan Beauty Bar,Embodee'd,Flower Mound,TX,embodeeddallas@gmail.com,https://embodeedmilanbeautybar.zoca.com/?utm_source=googlemaps&utm_medium=googlemapsprofile&utm_campaign=googlemaps,(916) 850-9331,4.9,43,,7,rating_floor,front desk,Holding 4.9 stars says the chair-side work is dialed in.,
729,B,"free provider, real but likely personal","First Look Med Spa, LLC",First Look Med Spa,Summit,NJ,modernaestheticscoinjectables@gmail.com,http://www.firstlookmedspa.com/,(413) 726-8507,5.0,105,Sunday,6,sunday_closed,sunday calls,"Sunday reads closed on the listing, which tends to be a heavy browsing day for injectables.",
735,B,"free provider, real but likely personal",Haus of Giving Face,Haus of Giving Face,Clearwater,FL,injectorkimmy@gmail.com,https://hausofgivingface.com/,(727) 238-3085,5.0,53,,7,rating_floor,front desk,Holding 5.0 stars says the chair-side work is dialed in.,
748,B,"free provider, real but likely personal",Legacy Aesthetics,Legacy Aesthetics,Pleasanton,CA,legacyaestheticsca@gmail.com,https://www.legacynp.com/,(925) 452-7472,5.0,171,,0,rating_floor,front desk,5.0 on Google puts you above most of the field.,
749,B,"free provider, real but likely personal",Lilly Beauty,Lilly Beauty,Temecula,CA,lillybeautytemecula@gmail.com,https://lillybeautytemecula.com/,(951) 553-4511,4.6,388,,7,high_volume_phone_load,front desk,388 reviews at 4.6 is a lot of traffic running through one front desk.,
751,B,"free provider, real but likely personal",Lium Laser and Med Spa,Lium Laser,Sugar Land,TX,omojetmarketing@gmail.com,https://liumlasermedspa.com/,(832) 714-0337,4.9,78,,7,rating_floor,front desk,4.9 on Google puts you above most of the field.,
754,B,"free provider, real but likely personal",Lola Aesthetics & Medi Spa,Lola Aesthetics,Ridgewood,NJ,flolangenp@gmail.com,https://www.lolaaestheticsmedispa.com/,(347) 228-2309,5.0,468,,7,high_volume_phone_load,front desk,468 reviews is real volume for a single location.,
774,B,"free provider, real but likely personal",NK Aesthetics & Wellness Lounge,NK Aesthetics & Wellness Lounge,Ridgewood,NJ,nkaestheticswl@gmail.com,https://www.nkaestheticswl.com/,(201) 500-6930,5.0,63,Saturday;Sunday,5,full_weekend_closed,weekend calls,The listing has NK Aesthetics & Wellness Lounge dark both weekend days.,
777,B,"free provider, real but likely personal",Oasis Iv Med Spa,Oasis Iv,Plantation,FL,oasisivspa@gmail.com,http://www.oasisivmedspa.com/,(954) 444-1969,5.0,93,Wednesday;Sunday,5,sunday_closed,sunday calls,"Sunday reads closed on the listing, which tends to be a heavy browsing day for injectables.",
782,B,"free provider, real but likely personal",Physician Aesthetic Institute,Physician Aesthetic Institute,Bonita Springs,FL,physicianaestheticinstitute@gmail.com,https://medspabonita.com/,(239) 457-2404,5.0,61,Saturday;Sunday,5,full_weekend_closed,weekend calls,"Saturday and Sunday both read closed on your listing, which is when a lot of aesthetic searches happen.",
783,B,"free provider, real but likely personal",Premier Health Spa,Premier Health Spa,Sugar Land,TX,premierhealthspaa@gmail.com,http://premierhealthspa.com/,(346) 368-2995,5.0,264,Sunday,6,weekend_gap_high_demand,sunday calls,"Your listing shows Sundays closed, which is the same window most of those 264 reviewers are scrolling.",
792,B,"free provider, real but likely personal",Revive Medical Spa LLC.,Revive Medical Spa,Clearwater,FL,revivemedspaclearwater@gmail.com,https://www.myrevivespa.com/,(727) 218-8364,4.9,187,Saturday;Sunday,5,weekend_gap_high_demand,sunday calls,"Your listing shows Sundays closed, which is the same window most of those 187 reviewers are scrolling.",
798,B,"free provider, real but likely personal",SKIN & LASER The Moran Medical Corp,SKIN & LASER The Moran Medical Corp,Weston,FL,sknbyanahi@hotmail.com,https://www.themoranmedical.com/,(754) 364-6662,5.0,189,,7,rating_floor,front desk,Holding 5.0 stars says the chair-side work is dialed in.,
799,B,"free provider, real but likely personal",Skin Aesthetics of SWFL,Skin Aesthetics of SWFL,Bonita Springs,FL,skinaestheticsswfl@gmail.com,http://www.skinaestheticsswfl.com/,(239) 442-8000,5.0,87,Monday;Sunday,5,sunday_closed,sunday calls,Noticed Sundays are dark on your listing.,
800,B,"free provider, real but likely personal",SKIN Med Spa & Laser,SKIN Med Spa & Laser,McKinney,TX,skinmedspastexas@gmail.com,http://skinmedspas.com/,(214) 935-9697,4.6,369,Monday;Sunday,5,weekend_gap_high_demand,sunday calls,"369 Google reviews at 4.6 says the demand around McKinney is already there, and the listing has you closed Sundays.",
814,B,"free provider, real but likely personal",THE LAB | Beauty and Laser Hair Removal,THE LAB | Beauty and Laser Hair Removal,Aventura,FL,thelab.aventura@gmail.com,http://labaventura.com/,(754) 400-1007,5.0,19,Sunday,6,sunday_closed,sunday calls,Noticed Sundays are dark on your listing.,
817,B,"free provider, real but likely personal",The Perfect Image MedSpa,The Perfect Image MedSpa,Katy,TX,theperfectimagemedspa@yahoo.com,https://theperfectimagemedspa.com/,(281) 396-4308,4.9,36,Saturday;Sunday,5,full_weekend_closed,weekend calls,"Weekends show closed on your Google profile, Saturday and Sunday.",
822,B,"free provider, real but likely personal",Tighter Lines Aesthetics,Tighter Lines Aesthetics,Jupiter,FL,tighterlinesaesthetics@gmail.com,http://tighterlinesaesthetics.com/,(561) 203-2765,5.0,140,Saturday;Sunday,5,full_weekend_closed,weekend calls,The listing has Tighter Lines Aesthetics dark both weekend days.,
826,B,"free provider, real but likely personal",Unique Clinic,Unique Clinic,Aventura,FL,uclinicmiami@gmail.com,https://www.uclinicmiami.com/,(954) 895-4707,4.9,351,Saturday;Sunday,5,weekend_gap_high_demand,sunday calls,"4.9 across 351 reviews, and the calendar still shows Sunday dark.",
829,B,"free provider, real but likely personal",Vitality Spa Skincare & Wellness,Vitality Spa Skincare & Wellness,Delray Beach,FL,vitalityspaskincareandwellness@gmail.com,http://vitalityspaskincareandwellness.com/,(561) 403-7440,4.9,33,,7,rating_floor,front desk,4.9 on Google in Delray Beach is a hard number to hold.,
830,B,"free provider, real but likely personal",West Point Aesthetic Center,West Point Aesthetic Center,Rancho Santa Fe,CA,john.doe@gmail.com,http://iebotox.com/,(760) 230-1556,4.9,44,Monday;Sunday,5,sunday_closed,sunday calls,Your Google hours show Sundays closed in Rancho Santa Fe.,
834,B,"free provider, real but likely personal",Aesthetic Dreams Medispa,Aesthetic Dreams,New Canaan,CT,aestheticdreamsmedispa@gmail.com,http://www.dreamsmedispa.com/,(203) 295-8045,5.0,51,Sunday,6,sunday_closed,sunday calls,"Sunday reads closed on the listing, which tends to be a heavy browsing day for injectables.",
838,B,"free provider, real but likely personal",Aju The Spa,Aju The Spa,Pleasanton,CA,ajuthespa@gmail.com,https://ajuthespa.com/,(925) 557-8370,5.0,52,Tuesday;Sunday,5,sunday_closed,sunday calls,Noticed Sundays are dark on your listing.,
842,B,"free provider, real but likely personal",Bae Tox Aesthetics,Bae Tox Aesthetics,Westport,CT,rachaeltorresaesthetics@gmail.com,http://www.baetoxofwestport.com/,(203) 430-1827,5.0,55,Tuesday;Thursday;Sunday,4,sunday_closed,sunday calls,Your Google hours show Sundays closed in Westport.,
845,B,"free provider, real but likely personal",Beauty Oasis Rx Skincare - Acne Clinic,Beauty Oasis Rx Skincare,Allen,TX,infobeautyoasisrx@gmail.com,http://www.beautyoasisrx.com/,,4.9,98,,7,service_breadth,pricing questions,"day spa, facials and laser hair removal under one roof is a wide menu for one phone line.",
846,B,"free provider, real but likely personal",Beyond Beauty Med Spa,Beyond Beauty,Walnut Creek,CA,beyondbeautymedspawc@gmail.com,https://www.beyondbeautygoals.com/,(925) 915-5153,5.0,53,Sunday,6,sunday_closed,sunday calls,"Sunday reads closed on the listing, which tends to be a heavy browsing day for injectables.",
848,B,"free provider, real but likely personal",Chryzhelle's Aesthetics,Chryzhelle's Aesthetics,Pleasanton,CA,chryzhellesaesthetics@gmail.com,http://chryzhellesaesthetics.com/,(925) 226-8929,5.0,66,Monday;Tuesday;Sunday,4,sunday_closed,sunday calls,Your Google hours show Sundays closed in Pleasanton.,
855,B,"free provider, real but likely personal",Dr. J's Med Spa,Dr. J's,Temecula,CA,shawnadrjs@gmail.com,https://www.drjsmedspa.com/,(951) 319-1730,5.0,64,Saturday;Sunday,5,full_weekend_closed,weekend calls,The listing has Dr. J's dark both weekend days.,
857,B,"free provider, real but likely personal",Electrolysis & Skin Care Clinic,Electrolysis & Skin Care Clinic,Manhattan Beach,CA,loistec@aol.com,http://www.electrolysis-permanentmake-up.com/,(310) 372-5338,5.0,2,Monday;Tuesday;Saturday;Sunday,3,full_weekend_closed,weekend calls,"Saturday and Sunday both read closed on your listing, which is when a lot of aesthetic searches happen.",
859,B,"free provider, real but likely personal",EMME Skin Studio,EMME Skin Studio,Summit,NJ,emmemedspa@gmail.com,https://emmeskinclinic.com/,(716) 508-0515,5.0,53,Thursday;Saturday;Sunday,4,full_weekend_closed,weekend calls,"Weekends show closed on your Google profile, Saturday and Sunday.",
861,B,"free provider, real but likely personal",Essence Med Spa and Wellness Center,Essence Med Spa and Wellness Center,Aventura,FL,contact.essencemedspa@gmail.com,http://essencewellnessmedspa.com/,(305) 306-6633,5.0,29,Saturday;Sunday,5,full_weekend_closed,weekend calls,The listing has Essence Med Spa and Wellness Center dark both weekend days.,
863,B,"free provider, real but likely personal",Eternal Beauty Lifestyle,Eternal Beauty Lifestyle,Clearwater,FL,eternalbeautylifestyle@gmail.com,http://www.eternalbeautylifestyleclearwaterspa.com/,(239) 687-8150,5.0,68,Saturday;Sunday,5,full_weekend_closed,weekend calls,"Saturday and Sunday both read closed on your listing, which is when a lot of aesthetic searches happen.",
867,B,"free provider, real but likely personal",Flawless on Fifth,Flawless on Fifth,Temecula,CA,flawlessonfifth@gmail.com,http://www.flawlessonfifth.com/,(951) 382-4726,4.9,74,Monday;Sunday,5,sunday_closed,sunday calls,"Sunday reads closed on the listing, which tends to be a heavy browsing day for injectables.",
868,B,"free provider, real but likely personal",Gen B Medspa,Gen B,The Woodlands,TX,genbmedspa@gmail.com,http://genbmedspa.com/,(239) 423-2889,5.0,62,Saturday;Sunday,5,full_weekend_closed,weekend calls,"Weekends show closed on your Google profile, Saturday and Sunday.",
879,B,"free provider, real but likely personal",Injections By Sabina,Injections By Sabina,Ridgewood,NJ,nurseinjector79@gmail.com,https://www.injectionsbysabina.com/,(847) 284-3918,4.9,40,Saturday,6,rating_floor,front desk,Holding 4.9 stars says the chair-side work is dialed in.,
884,B,"free provider, real but likely personal",L'Lily Aesthetics,L'Lily Aesthetics,Palo Alto,CA,llilyaesthetics24@gmail.com,https://www.llilyaesthetics.com/?utm_campaign=google_business&utm_source=google_business&utm_medium=website,(650) 539-6347,4.8,10,Sunday,6,sunday_closed,sunday calls,Your Google hours show Sundays closed in Palo Alto.,
885,B,"free provider, real but likely personal",Lavish Skin By Maggie,Lavish Skin By Maggie,Burlingame,CA,lavishskinbymaggie@gmail.com,http://www.lavishskinbymaggie.com/,(650) 281-8136,5.0,18,Monday;Sunday,5,sunday_closed,sunday calls,"Sunday reads closed on the listing, which tends to be a heavy browsing day for injectables.",
903,B,"free provider, real but likely personal",Palm Beach Laser & Aesthetic,Palm Beach Laser & Aesthetic,Delray Beach,FL,wpblaser@gmail.com,https://www.wpblaser.com/laser-hair-removal-delray-beach-fl/,(561) 532-2557,4.7,25,,7,rating_floor,front desk,Holding 4.7 stars says the chair-side work is dialed in.,
911,B,"free provider, real but likely personal",Relax Studio SF,Relax Studio SF,Burlingame,CA,relaxstudiosf@gmail.com,http://relaxstudiosf.com/,(650) 668-9888,5.0,18,,7,rating_floor,front desk,5.0 on Google in Burlingame is a hard number to hold.,
927,B,"free provider, real but likely personal",The OC Spa & Wellness Center,The OC Spa & Wellness Center,Huntington Beach,CA,pamocspa@yahoo.com,http://www.theocspa.com/,(714) 625-4400,4.7,26,Monday;Sunday,5,sunday_closed,sunday calls,"Sunday reads closed on the listing, which tends to be a heavy browsing day for injectables.",
933,B,"free provider, real but likely personal",VICZ CARE - Brazilian Massage,Vicz Care,Burlingame,CA,viczcare@gmail.com,http://www.viczcare.com/,(415) 518-6585,5.0,46,Sunday,6,sunday_closed,sunday calls,"Sunday reads closed on the listing, which tends to be a heavy browsing day for injectables.",
937,B,"free provider, real but likely personal",Aesthetics by NHT,Aesthetics by NHT,Ridgewood,NJ,aestheticsbynht@gmail.com,https://www.aestheticsbynht.com/,(201) 563-2415,5.0,24,,0,rating_floor,front desk,5.0 on Google puts you above most of the field.,
943,B,"free provider, real but likely personal",Aroma 8 Med Spa,Aroma 8,Sugar Land,TX,aroma8medspa@gmail.com,https://aroma8spa.com/,(346) 741-3332,5.0,1,,7,rating_floor,front desk,5.0 on Google puts you above most of the field.,
949,B,"free provider, real but likely personal",Bare Beauty Esthetics,Bare Beauty Esthetics,Pleasanton,CA,melissaperry8325@gmail.com,http://melissavillados.wixsite.com/esthetics,(510) 305-8925,5.0,17,Wednesday;Friday;Sunday,4,sunday_closed,sunday calls,Noticed Sundays are dark on your listing.,
953,B,"free provider, real but likely personal",Belle Via Spa,Belle Via Spa,Encinitas,CA,belleviaspa@gmail.com,https://belleviaspa.com/,(760) 402-0290,4.6,47,Saturday,6,rating_floor,front desk,4.6 on Google in Encinitas is a hard number to hold.,
956,B,"free provider, real but likely personal",botox anonymous,botox anonymous,Pearland,TX,avennekotter@gmail.com,http://www.botoxanonymous.com/,(713) 408-1730,5.0,20,Saturday;Sunday,5,full_weekend_closed,weekend calls,"Saturday and Sunday both read closed on your listing, which is when a lot of aesthetic searches happen.",
957,B,"free provider, real but likely personal",Catalina Skin + Body,Catalina Skin + Body,New Canaan,CT,catalinaskinandbody@gmail.com,https://catalinaskinandbody.com/,(203) 241-1611,5.0,7,,0,rating_floor,front desk,Holding 5.0 stars says the chair-side work is dialed in.,
958,B,"free provider, real but likely personal",Clean Skin Clear Vibe Spa,Clean Skin Clear Vibe Spa,Pearland,TX,care_cleanskin@hotmail.com,http://www.cleanskinclearvibespa.com/,(346) 543-2455,5.0,43,Monday;Sunday,5,sunday_closed,sunday calls,Noticed Sundays are dark on your listing.,
969,B,"free provider, real but likely personal",Encore Medspa,Encore,Pleasanton,CA,encoremedspa@gmail.com,http://www.encoremdspa.com/,(925) 932-1843,5.0,2,Monday;Sunday,5,sunday_closed,sunday calls,"Sunday reads closed on the listing, which tends to be a heavy browsing day for injectables.",
972,B,"free provider, real but likely personal",Grand Medical Spa,Grand,Huntington Beach,CA,grandspaca@gmail.com,https://grandmedspaca.com/,(714) 766-5568,5.0,1,,7,rating_floor,front desk,Holding 5.0 stars says the chair-side work is dialed in.,
986,B,"free provider, real but likely personal","Luxe Complexion Aesthetics, LLC",Luxe Complexion Aesthetics,Jupiter,FL,esthetics.kelsey@gmail.com,https://luxe-complexion.com/,(561) 225-4749,5.0,24,Sunday,6,sunday_closed,sunday calls,Your Google hours show Sundays closed in Jupiter.,
989,B,"free provider, real but likely personal",Mindful Esthetics By Tina,Mindful Esthetics By Tina,Jupiter,FL,mindfulestheticsbytina@gmail.com,https://tinaauricchio.glossgenius.com/,(954) 729-4594,5.0,47,Monday;Sunday,5,sunday_closed,sunday calls,Your Google hours show Sundays closed in Jupiter.,
991,B,"free provider, real but likely personal",Modern Day MedSpa,Modern Day,Westport,CT,vaneopdesign@gmail.com,https://moderndaymedspa.co/,(847) 508-8133,5.0,33,Tuesday;Friday;Sunday,4,sunday_closed,sunday calls,Noticed Sundays are dark on your listing.,
994,B,"free provider, real but likely personal",Monetâ€™s European Skin Care Med Spa & Boutique,Monetâ€™s European Skin Care Med Spa & Boutique,Huntington Beach,CA,mariemonetla@gmail.com,https://mariemonet.com/,(714) 660-3578,4.6,41,Sunday,6,sunday_closed,sunday calls,Noticed Sundays are dark on your listing.,
998,B,"free provider, real but likely personal",Nice Skin Aesthetic Med Spas,Nice Skin Aesthetic Med Spas,Huntington Beach,CA,niceskinaesthetics@gmail.com,https://www.niceskin.com/contact,(714) 587-4704,5.0,3,Saturday;Sunday,5,full_weekend_closed,weekend calls,"Saturday and Sunday both read closed on your listing, which is when a lot of aesthetic searches happen.",
1001,B,"free provider, real but likely personal",Persimmon Burlingame,Persimmon Burlingame,Burlingame,CA,glittershooting@gmail.com,https://tr.ee/zYs8Css6b7,(510) 602-2897,5.0,4,,0,rating_floor,front desk,5.0 on Google in Burlingame is a hard number to hold.,
1002,B,"free provider, real but likely personal",Pi Head Spa & Beauty,Pi Head Spa & Beauty,Huntington Beach,CA,piheadspa@gmail.com,https://www.piheadspabeauty.com/,(714) 452-9296,4.7,49,,7,rating_floor,front desk,Holding 4.7 stars says the chair-side work is dialed in.,
1003,B,"free provider, real but likely personal",Pura Skyn Aesthetics,Pura Skyn Aesthetics,Allen,TX,puraskynaesthetics@gmail.com,http://puraskynaesthetics.com/,(214) 586-0196,4.9,42,,0,rating_floor,front desk,4.9 on Google puts you above most of the field.,
1011,B,"free provider, real but likely personal",Rosele Aesthetics | MedSpa,Rosele Aesthetics |,Montclair,NJ,roseleaesthetics@gmail.com,https://www.roseleaesthetics.com/,(908) 873-5979,5.0,32,Sunday,6,sunday_closed,sunday calls,"Sunday reads closed on the listing, which tends to be a heavy browsing day for injectables.",
1013,B,"free provider, real but likely personal",Sand Spa DTMB,Sand Spa DTMB,Manhattan Beach,CA,thesandspa@gmail.com,https://sand-spa.com/,(310) 755-9084,4.4,9,,7,rating_floor,front desk,4.4 on Google in Manhattan Beach is a hard number to hold.,
1017,B,"free provider, real but likely personal",Skin & Body Wellness by Kristen,Skin & Body Wellness by Kristen,Pleasanton,CA,kristenbobertz@gmail.com,http://skinandbodywellnessbykristen.com/,(925) 788-7649,5.0,22,Sunday,6,sunday_closed,sunday calls,"Sunday reads closed on the listing, which tends to be a heavy browsing day for injectables.",
1019,B,"free provider, real but likely personal",Skin Care By Meera,Skin Care By Meera,Burlingame,CA,skincarebymeera@gmail.com,http://skincarebymeera.com/,(650) 425-3845,5.0,33,,7,rating_floor,front desk,5.0 on Google in Burlingame is a hard number to hold.,
1021,B,"free provider, real but likely personal",Skinsta,Skinsta,Carlsbad,CA,skinstaspa@gmail.com,https://skinstaspa.com/,(530) 953-7378,5.0,42,,7,rating_floor,front desk,5.0 on Google puts you above most of the field.,
1027,B,"free provider, real but likely personal",Standards of Skin,Standards of Skin,Manhattan Beach,CA,christine.morgan1227@gmail.com,https://standardsofskin.com/,(818) 439-9310,5.0,26,Monday;Thursday;Friday;Sunday,3,sunday_closed,sunday calls,Noticed Sundays are dark on your listing.,
1030,B,"free provider, real but likely personal",Taylor M Beauty,Taylor M Beauty,Jupiter,FL,taylor.douglas1@yahoo.com,https://taylormbeauty.glossgenius.com/,(561) 420-4091,5.0,43,Monday;Sunday,5,sunday_closed,sunday calls,Noticed Sundays are dark on your listing.,
1032,B,"free provider, real but likely personal",The Aesthetic Touch by Raya,The Aesthetic Touch by Raya,Allen,TX,certifiedinjectorraya@gmail.com,https://www.aesthetictouchbyraya.com/,(949) 323-1639,5.0,44,Wednesday;Saturday;Sunday,4,full_weekend_closed,weekend calls,The listing has The Aesthetic Touch by Raya dark both weekend days.,
1034,B,"free provider, real but likely personal",The Beauty Vault Winter Park,The Beauty Vault Winter Park,Winter Park,FL,thebeautyvaultwp@gmail.com,https://squareup.com/appointments/book/LYYKBHMMJPHTB,(407) 900-8158,5.0,27,Monday;Sunday,5,sunday_closed,sunday calls,Your Google hours show Sundays closed in Winter Park.,
1037,B,"free provider, real but likely personal",The Space Aesthetics,The Space Aesthetics,Burlingame,CA,tsamedicalspa@gmail.com,https://tsamedicalspa.com/,(341) 345-7629,5.0,44,Wednesday;Thursday;Sunday,4,sunday_closed,sunday calls,Your Google hours show Sundays closed in Burlingame.,
1039,B,"free provider, real but likely personal",The True Skin Clinic,The True Skin Clinic,Encinitas,CA,thetrueskinclinic@gmail.com,https://www.thetrueskin-clinic.com/,(760) 214-6564,4.9,34,Sunday,6,sunday_closed,sunday calls,Noticed Sundays are dark on your listing.,
1042,B,"free provider, real but likely personal",Tierra Tindill Aesthetics,Tierra Tindill Aesthetics,Rancho Santa Fe,CA,ttindillbeauty@gmail.com,https://tierratindillaesthetics.my.canva.site/,(619) 630-7157,5.0,7,Thursday,6,rating_floor,front desk,5.0 on Google puts you above most of the field.,
1047,B,"free provider, real but likely personal",Wink Aesthetic Clinic,Wink Aesthetic Clinic,Palo Alto,CA,winkbeauty2021@gmail.com,http://winkaestheticmtv.com/,(650) 282-5209,4.7,25,,7,rating_floor,front desk,Holding 4.7 stars says the chair-side work is dialed in.,
1048,B,"free provider, real but likely personal",Woodlands Aesthetics,Woodlands Aesthetics,The Woodlands,TX,woodlandsaesthetics@gmail.com,http://www.woodlandsaesthetics.com/,(281) 363-4450,5.0,21,Saturday;Sunday,5,full_weekend_closed,weekend calls,"Weekends show closed on your Google profile, Saturday and Sunday.",
1049,B,"free provider, real but likely personal",Yasou Electrolysis And Skin Care,Yasou Electrolysis And Skin Care,Summit,NJ,yasouspa@yahoo.com,http://yasouspa.com/,(413) 774-7400,4.7,12,,0,rating_floor,front desk,4.7 on Google in Summit is a hard number to hold.,
