Email,Company,City,State,Country,Website,Phone,microns_subject,microns_body,microns_rank,microns_rating,microns_reviews
help@museaestheticsandlaser.com,Muse Aesthetics & Laser,Tampa,FL,United States,https://www.museaestheticsandlaser.com/,(813) 771-2061,laser packages,"Laser work sells in courses, and courses stall — session three of six, life gets busy, and nobody follows up. That's the quietest revenue leak in aesthetics because it never shows up as a cancellation. A daily job catches anyone mid-package past 45 days, texts a rebooking link, then a credit offer, then stops. Sunday's dark, which is the other piece. Worth a look?",104,5,291
info@yourlaserskincare.com,Your Laser Skin Care,Short Hills,NJ,United States,https://www.yourlaserskincare.com/,(323) 525-1516,laser packages,"Laser and IPL sell in courses, and courses stall mid-way. Session three of six, someone gets busy, and nobody follows up — it never reads as a cancellation, so it never gets counted. A daily job catches anyone mid-package past 45 days and works them over two touches. Both weekend days are closed, which is the other half. Worth a look?",137,5,235
info@eyecandylaserandwellness.com,Eye Candy Laser & Wellness Houston,Katy,TX,United States,https://www.eyecandylaserandwellness.com/,(832) 400-4224,laser packages,"Laser work sells in courses and courses stall — session three of six, someone gets busy, and nobody follows up. It never reads as a cancellation. A daily job catches anyone mid-package past 45 days and works them over two touches. Closed Sunday and Monday, which is the other half. Worth a look?",297,4.9,100
shinylaserclinic@gmail.com,Shiny Laser Skin Clinic,Salt Lake City,UT,United States,https://shinylaserclinic.com/,(213) 382-5888,laser packages,"Laser sells in courses and courses stall at session three — nobody cancels, they just stop. A daily job catches anyone mid-package past 45 days and works them over two touches. Sunday's dark, which is the other piece. Worth exploring?",314,4.8,365
paradiselaserteam@gmail.com,Paradise Laser Delray,Delray Beach,FL,United States,http://www.paradiselaserdelray.com/,(561) 815-4074,laser packages,"Laser sells in courses, and courses stall mid-way — session three of six, life gets busy, nobody follows up. It never shows as a cancellation. A daily job catches anyone mid-package past 45 days and works them over two touches. Closed Sunday and Monday, which compounds it. Worth exploring?",342,5,139
glow@oasislasermedspa.com,Oasis Laser MedSpa,Katy,TX,United States,https://oasislasermedicalspa.com/,(713) 999-4494,laser packages,"Laser sells in courses and courses stall at session three — nobody cancels, they just stop, so it never shows in any report. A daily job catches anyone mid-package past 45 days and works them over two touches. Sunday's dark too. Worth exploring?",388,4.7,302
info@revitalspaclinic.com,Revital Laser & Skin Clinic,Sugar Land,TX,United States,https://revitalspasclinic.com/,(281) 801-7857,laser packages,Laser courses stall mid-way and it never reads as a cancellation. A daily job catches anyone past 45 days mid-package. Sunday's closed as well. Worth exploring?,399,4.9,203
info@medical-al.com,Medical Aesthetics & Laser,The Woodlands,TX,United States,https://www.medical-al.com/,(281) 419-2220,laser packages,"Laser sells in courses, and courses stall at session three — nobody cancels, they just stop. A daily job catches anyone mid-package past 45 days and works them over two touches. Both weekend days are dark too. Worth exploring?",455,5,89
info@synergy-laser.com,Synergy Laser and Skin Institute- Boutique Medical Spa,Temecula,CA,United States,https://www.synergy-laser.com/,(951) 581-0532,laser packages,"Laser sells in courses and courses stall mid-way — it never reads as a cancellation, so it never gets counted. A daily job catches anyone mid-package past 45 days and works them over two touches. Closed Sunday and Monday too. Worth a look?",514,4.9,69
info@healioslasertherapy.com,Healios Laser Therapy - Carlsbad,Carlsbad,CA,United States,https://healioslasertherapy.com/locations/carlsbad/,(800) 785-8505,laser packages,"Laser sells in courses and courses stall at session three — nobody cancels, they stop. A daily job catches anyone mid-package past 45 days. Worth a look?",554,5,58
wpblaser@gmail.com,Palm Beach Laser & Aesthetic,Delray Beach,FL,United States,https://www.wpblaser.com/laser-hair-removal-delray-beach-fl/,(561) 532-2557,laser packages,Laser sells in courses and courses stall at session three. A daily job catches anyone mid-package past 45 days. Worth a look?,697,4.7,25
